Lines_of_Code,Cyclomatic_Complexity,Num_Functions,Code_Churn,Comment_Density,Num_Bugs,Has_Unit_Tests,Code_Owner_Experience,Quality_Label
356.0,31,144,69.56704674111288,0.4675606016072429,2,Yes,4,Medium
227.0,15,104,131.84442225798875,0.795643059788489,2,No,5,High
9674.0,47,141,118.7290267002287,0.31683898511102926,5,No,1,High
6967.0,42,107,194.39715468590651,0.9718826992263349,5,Yes,3,Low
7954.0,35,114,69.2022927785319,0.5594174313719161,1,No,8,Medium
2305.0,38,120,164.29955877293872,0.3538601529447827,5,No,6,Medium
8613.0,22,26,54.9685517504471,0.35585565374663797,5,Yes,3,Medium
4479.0,5,149,88.06024679001001,0.11646998803357345,7,Yes,7,High
8167.0,48,165,68.07458775569572,0.723187801680661,1,Yes,6,Low
6377.0,13,179,75.22791442230289,0.798353472408038,5,Yes,5,Medium
9808.0,32,92,92.1310175916464,0.12918499563132063,3,Yes,8,High
,3,147,172.0874183043652,0.6273410852178579,1,No,8,High
8410.0,15,37,122.83214573714207,0.8035054009933796,2,No,3,High
7181.0,27,19,161.70389152406418,0.438616043551902,3,Yes,8,High
2471.0,27,31,100.72878863600177,0.48946742456922077,4,Yes,9,Low
5116.0,30,193,164.13676373338285,0.4254624099209262,1,Yes,3,Low
6402.0,6,116,111.35044709535521,0.3840856467098266,4,Yes,8,High
6482.0,25,86,60.53723757817199,0.5420275512867287,2,No,8,Medium
6639.0,28,52,,0.2494905941199021,3,No,7,Low
6552.0,22,12,174.19510740267654,0.4966189131086731,0,Yes,8,Medium
6492.0,4,138,131.91584834128378,0.9476426118449849,2,No,1,Medium
4896.0,15,195,141.54399802806557,0.12466188801749194,6,No,3,Low
2541.0,26,122,163.95765434519103,0.2482690742677259,5,Yes,6,Medium
1117.0,18,88,86.4975832944504,,5,Yes,7,Low
4601.0,9,6,64.10275938704217,0.21885138092234052,4,No,7,Low
3147.0,4,154,118.13489055909677,0.34415280955247096,1,No,6,Medium
5894.0,48,122,186.32255959807662,0.5093550316399202,3,No,4,Medium
4350.0,5,25,115.05948230780619,0.9488460318769941,2,No,5,High
6047.0,45,138,,0.2651510685732125,2,Yes,9,Low
8485.0,6,127,103.7365019446717,0.9307761346038848,2,No,1,Medium
7491.0,12,100,114.72864623658705,0.7466720614415673,3,Yes,2,Low
2546.0,31,17,73.59909392223345,0.7040304205688548,0,No,5,High
7223.0,47,5,,0.7511882716450289,4,No,5,High
1499.0,9,154,,0.1281219570724037,10,Yes,7,High
6395.0,7,121,24.874229141483212,0.1890102349625674,3,Yes,8,High
3787.0,29,156,24.94290778518433,0.40135737586620557,2,No,6,High
7964.0,14,68,12.306908405551738,0.1665707798338099,5,No,6,High
6227.0,20,173,173.7728599407528,0.9888307385458798,4,Yes,5,High
652.0,48,154,53.760325650300004,0.6223709873306598,2,No,5,High
5643.0,32,65,117.58637212178294,0.5386093040286857,5,Yes,8,Low
9021.0,22,112,189.2507944774985,0.8069606064091395,9,Yes,5,Medium
2660.0,36,16,116.62619114755009,0.9792632861307908,0,No,6,Low
5208.0,44,94,125.71467255463477,0.9596170000762972,2,No,3,Low
4366.0,18,136,57.843741372336865,0.8137583963098265,2,Yes,5,Medium
5045.0,40,87,116.66054881176818,0.4394568132647888,2,Yes,9,Medium
9085.0,49,132,50.24517710406941,0.15936354242011605,9,Yes,3,High
5784.0,25,144,4.834427715547889,0.18853927995617303,1,Yes,8,Medium
8416.0,31,37,102.61709591451856,0.10103710671512874,2,Yes,7,Low
,35,153,116.04080804178406,0.10171255890237031,2,Yes,4,High
2651.0,26,132,,0.9427796190401156,1,No,5,Low
3948.0,4,104,62.66876086345067,0.9343152722867492,3,No,8,Medium
3556.0,42,110,89.32844190550367,0.7007984197343219,3,Yes,7,Low
2858.0,48,76,63.663176324583546,0.7540090517982723,3,No,2,Low
3855.0,20,78,137.11007408850813,0.561887610985034,4,Yes,8,High
3742.0,34,100,122.34231654175277,0.3140580304794992,2,Yes,8,High
8219.0,12,96,181.40205852026682,0.9229465441979282,1,Yes,9,Low
1760.0,16,78,82.22459169514093,0.349922320623415,5,No,2,Medium
8329.0,42,76,103.49111337509919,0.765704134854671,6,No,4,High
5686.0,5,184,108.67898504925152,0.3208921162514917,4,Yes,2,Low
,44,179,81.3502899797844,0.88313357624426,2,Yes,4,High
6558.0,35,63,0.8255641521635226,0.6861154909829329,3,No,3,High
9600.0,44,179,122.19450900250982,0.6784255185010588,2,No,7,Medium
6225.0,27,60,216.7410845673424,0.18763051306772793,3,Yes,5,Low
3023.0,1,17,149.96777058961106,0.47752201285228146,2,Yes,7,Low
2808.0,34,176,197.90933789622454,,2,No,2,Low
4271.0,43,39,144.83981804526485,0.36463265956999913,3,No,4,Low
8522.0,32,123,92.40162529801994,0.8928771506501191,3,Yes,6,Low
2850.0,44,119,130.0791167810389,0.8539029473600995,2,Yes,5,High
,39,161,153.49464404255656,0.5442588211082771,1,Yes,2,High
8031.0,33,60,19.967303215231,0.40602808237970345,2,Yes,7,High
2904.0,31,137,122.24107734879591,0.82138804480508,7,Yes,2,High
5544.0,13,199,95.07836145004448,0.2772023027871149,3,Yes,9,Medium
941.0,45,57,173.8722341770402,0.16436468358426948,1,No,7,Medium
5675.0,2,105,118.61625830464537,0.14113943746475296,4,No,3,Low
7610.0,30,124,-23.015220315555226,0.13481493480820023,2,No,6,Medium
,10,64,121.99431023822422,0.5399997908231606,1,Yes,5,High
3634.0,23,109,-3.0925776839269616,0.32978227248942416,5,Yes,9,High
7957.0,33,138,163.7054208179796,0.7213376092257527,2,No,3,High
707.0,39,180,61.605589989603374,0.6885024166364548,0,No,2,High
7494.0,45,110,43.462710089906395,0.5878180064296225,1,Yes,2,High
4718.0,29,84,61.447528424404204,0.4175589532851667,3,No,4,Low
4060.0,30,167,55.316287961108216,0.8654106204871572,1,No,1,Low
4357.0,34,150,92.2144919547264,0.7387324779700482,2,Yes,9,High
5712.0,39,15,56.97460849198495,0.3443735116284927,2,No,3,Low
301.0,17,55,84.95875173458356,0.551519796082159,4,No,5,Medium
6659.0,22,125,22.886023202407486,0.24064408794183695,3,No,2,Medium
5231.0,5,27,87.4177555942021,0.3958986619917165,2,Yes,8,High
,11,51,171.12936703513952,0.9974261645771803,1,Yes,3,Low
851.0,22,79,77.57071237153252,0.3014597982404764,1,No,5,High
7645.0,32,191,131.20733840836863,0.7284721201463247,2,No,7,Low
5444.0,24,189,37.18545139937041,0.31457678119932553,4,Yes,2,High
1305.0,11,97,128.9848033020888,0.9443210851052303,1,Yes,3,High
,11,131,156.87921146971854,0.3791195604913308,4,Yes,8,High
3987.0,17,60,171.26059916071398,0.4120201671820384,5,Yes,8,Medium
1430.0,32,159,110.03738503162178,0.6344737957595685,6,Yes,3,Low
8722.0,19,77,133.5721385551437,0.6293005940034413,3,No,7,Low
7619.0,27,167,35.97405767991421,0.6211687508174618,5,Yes,2,Medium
4783.0,32,187,80.82950686623681,0.6159292015656167,1,No,9,Medium
2374.0,25,141,59.98581625192146,0.3809682043481878,3,No,8,Low
,28,22,116.42264112464858,0.49096920100468755,3,Yes,9,Low
3465.0,40,48,73.58923899590225,0.6340900988268793,4,Yes,9,High
1363.0,27,153,134.33939739896286,0.7041431113004042,1,Yes,7,High
4336.0,14,60,223.4295164556527,0.3278161121712354,1,No,4,Low
,42,180,131.0787379570856,0.7313275555326467,0,Yes,5,Low
3833.0,39,104,170.58289916703166,0.930948625101373,1,No,7,High
1765.0,2,5,40.772371968097495,0.7821349330094098,5,Yes,5,Medium
960.0,17,159,95.75149333359947,0.17580952254044957,5,No,8,Low
944.0,1,49,110.84277209689238,0.522213598081019,2,No,5,Low
236.0,45,67,103.25278488972879,0.49173745198516705,3,Yes,5,Medium
5847.0,32,62,,0.40285298081643717,1,Yes,5,Medium
6594.0,19,172,62.805697652846426,0.5421881259127029,4,No,4,Medium
5886.0,14,67,116.15620138249382,0.49567039605989094,6,No,7,Low
9445.0,31,42,-21.423387584778283,0.10555342945062438,6,Yes,2,Low
9270.0,18,33,121.23365526817595,0.3128997502828629,2,No,4,Low
8860.0,14,44,125.29579279572755,0.2924039307541126,1,No,3,High
6300.0,47,151,97.38742683403571,0.41433358711851964,0,Yes,8,Medium
8425.0,14,92,119.76507584890956,0.25701106755187453,2,Yes,7,Medium
2161.0,24,60,71.7755304127576,0.1610212993403608,2,No,3,High
4478.0,5,48,38.92402282151588,0.27695156953151157,6,No,4,High
3830.0,16,197,50.572981465939456,0.8687681077775185,6,Yes,4,High
8418.0,5,104,57.371699059831286,,7,Yes,7,High
6222.0,13,145,35.38241955164409,0.49788657768317035,2,Yes,8,Medium
1895.0,16,162,33.408881681093845,0.8900335305808871,3,No,4,High
4413.0,15,53,58.49679173042956,0.3093990563087055,6,Yes,8,High
8287.0,31,119,82.19484091405944,0.6257882270793086,2,No,1,Medium
4940.0,5,79,106.5938251129482,0.22863238799176988,6,Yes,9,Medium
3826.0,21,195,38.80461730298565,0.8500606205944508,1,Yes,7,Medium
359.0,30,167,53.30706763427619,0.21752340174266727,3,No,4,Medium
1341.0,23,143,69.28675171061842,0.12867414308059888,4,Yes,8,Low
1943.0,38,53,121.84393857206663,0.3460998070613758,3,No,2,Low
5877.0,29,111,40.243406885229724,0.910841580412321,1,Yes,8,Low
9804.0,13,115,74.13677347762774,0.21651137373379892,6,Yes,6,Low
2380.0,32,119,148.6202772704254,0.3976032418259857,3,Yes,7,Medium
9247.0,48,172,60.26887453871779,0.38477349371097347,4,Yes,7,Low
7896.0,42,25,37.63605349890202,0.8214816466872019,6,Yes,2,High
4667.0,27,51,95.63903686317602,0.47937285980202216,2,No,2,High
9400.0,34,7,58.43950401682732,0.650410344653215,2,No,4,High
9834.0,45,162,-38.09723349928478,0.463944705249588,2,No,6,Low
8672.0,49,131,109.95228839700341,0.5963113136231821,1,Yes,4,Low
1355.0,33,71,143.5118545866794,0.15619665161568858,4,Yes,6,High
6562.0,4,66,98.88206814967869,0.43662649432612144,2,Yes,5,Low
1758.0,18,169,152.15991578145662,0.8695952539659584,4,Yes,6,Medium
2748.0,6,154,132.20129490550528,0.7219608068640175,0,No,9,Low
3471.0,28,35,57.255016589488235,0.983646139731958,5,No,6,High
3529.0,44,50,202.47534396435177,0.8091275836385289,0,Yes,6,High
9872.0,27,49,116.05717909488185,0.5063587434025967,0,No,8,Low
4960.0,26,18,121.39014540553191,0.7086524119295885,2,Yes,5,Low
7720.0,20,125,50.326619072408555,0.7983223081194601,8,Yes,5,High
3032.0,13,144,22.707573227120776,0.342715293929207,3,Yes,1,High
5186.0,28,123,45.8303030792667,0.15401610155402584,4,No,6,Low
9878.0,34,195,146.0050606923072,0.4652625411986935,1,Yes,1,Low
6749.0,49,81,185.5249188267128,0.23020584589226373,1,No,8,High
8219.0,23,92,114.43755355926584,0.3495170077862517,2,No,9,High
5083.0,10,170,104.6262487169559,0.9521609459267198,3,Yes,6,High
2621.0,30,121,148.36198159673992,0.8623743339002667,4,No,9,High
2802.0,22,179,169.05842173485877,0.6332174511108942,4,Yes,2,High
118.0,5,128,27.396698609476687,0.46113103587913506,2,No,9,High
2669.0,44,58,181.3966986275828,0.33789732418706636,6,Yes,4,High
883.0,9,187,80.975342386404,0.6143124517468,4,Yes,3,Low
9998.0,43,52,154.19897569794713,0.5798442247056033,4,Yes,1,Medium
514.0,4,105,46.618414710769585,0.8027027275433797,4,Yes,1,Medium
8655.0,42,19,151.67509903010153,0.9352181698876515,0,Yes,8,Low
1203.0,1,117,28.31524387046936,0.39604357119701705,8,No,2,Medium
4991.0,34,20,156.06565101712528,0.28566739968111476,3,Yes,1,Low
5409.0,41,175,132.167316355061,0.4625196543511346,4,Yes,2,Low
1271.0,26,139,21.397855614118157,0.4937871721718837,5,No,3,Low
9990.0,18,47,163.7706884973702,0.1358832605359262,6,Yes,4,Low
8734.0,16,32,51.20106454722291,0.8755268789795704,5,Yes,9,Medium
6508.0,23,70,157.14577976182056,0.9960331048007458,0,No,7,Low
4845.0,46,102,107.22391457396931,0.9308878234403702,4,Yes,5,High
4661.0,36,64,37.686450364463866,0.8745984815382193,1,No,5,Low
8272.0,26,132,49.339034027859064,0.993340273113587,1,No,6,Medium
6736.0,2,135,295.1399358810962,0.9170275887773977,2,No,1,Medium
2689.0,44,133,215.3673507953322,0.7195308586689855,2,Yes,6,Medium
9795.0,5,163,89.46609050185205,0.2500809838949509,3,No,6,Medium
5822.0,29,60,121.23191440737696,0.24071511100318105,1,Yes,5,High
822.0,4,88,160.15169334548793,,4,No,9,Low
941.0,47,178,35.406143217234074,0.4706477804688548,1,No,5,High
2447.0,35,36,134.49680896157685,,4,No,9,Low
745.0,22,85,149.35840966537344,0.5412663503190195,2,Yes,7,Low
8315.0,49,22,118.09223717381138,0.4296895351404242,4,No,3,High
3372.0,8,39,169.54727740393133,,3,Yes,9,High
106.0,44,108,107.63219787567701,0.14657797818152937,10,No,7,Medium
3801.0,21,104,155.26484386777796,0.45926122908124656,2,No,4,Low
9563.0,8,27,111.81501434711035,0.1899328421653592,2,Yes,9,Low
5730.0,5,145,23.31511941265127,0.1931933554641845,4,No,6,Low
2656.0,21,146,146.9480913995655,0.4558135824735816,4,No,9,Low
3054.0,27,169,,,6,Yes,4,Low
7487.0,38,9,92.43987075844431,0.2680145982770636,1,Yes,2,Low
6888.0,5,154,33.045362283388414,0.7161721176343933,3,No,9,Medium
9891.0,21,32,143.4037279324023,0.47682280061452975,2,No,4,Low
9958.0,8,136,115.82384124222718,0.18273028396484448,4,No,2,Medium
9353.0,22,54,114.85063065732146,0.6733307121064437,4,Yes,7,Low
4761.0,18,106,109.45097334825363,0.42125033682562496,3,Yes,7,Low
3901.0,4,33,150.38552022966618,0.1470893293686396,4,No,5,High
5733.0,4,41,114.39681337897605,0.953183421700473,1,Yes,5,Low
7513.0,37,167,,0.6140772613951027,2,Yes,8,High
1263.0,15,152,19.236966146721684,0.5299483321275736,3,No,6,High
1381.0,38,167,76.92367497897501,0.8732236553684511,4,Yes,1,High
8287.0,27,134,145.47794172410775,0.9430663863823523,2,Yes,4,Medium
9500.0,21,120,83.26192321885809,0.2982896813495902,4,Yes,1,High
402.0,48,62,145.3924669229027,0.8291300515075244,4,Yes,5,High
9047.0,46,150,29.287589928491414,0.8479719340968386,4,Yes,5,High
4359.0,46,110,,0.1489625152098391,2,No,4,Low
,48,60,46.51494601795759,0.7407497036604455,2,Yes,9,Medium
9518.0,4,126,106.76878339934079,0.15667109361961934,9,Yes,8,Medium
8280.0,11,196,189.6006682451918,0.6352059217509106,3,Yes,3,Medium
7675.0,19,107,212.21501456005004,0.7023130994248066,2,Yes,5,Medium
9525.0,19,127,152.87692701079678,0.4303528195158728,2,No,6,Low
6078.0,27,184,2.1044746800647545,0.8927087469918922,3,No,5,High
9189.0,40,26,62.39594835227439,0.8204605362707251,1,Yes,8,Low
6190.0,42,64,-51.942541684371776,0.9333637422592567,5,No,5,Medium
8254.0,28,142,,0.38340057396788363,2,Yes,8,Low
8283.0,5,88,181.24405390240045,0.11937502005562979,2,No,3,Low
5780.0,48,132,140.77536685514448,0.8303151402977968,3,Yes,5,Medium
6611.0,25,84,11.726624639950174,0.3006796203967967,3,Yes,4,High
3462.0,3,138,169.43612228930607,0.5204404365103501,3,No,6,Low
9746.0,26,85,160.21397835092,0.8355890546776277,2,Yes,3,Medium
2112.0,10,10,177.15640923367718,0.29452166080776165,2,No,4,Low
1200.0,24,90,155.45542562488694,0.38071788650769134,2,Yes,4,Low
9107.0,29,86,73.69320811544299,0.49517198770401016,2,No,5,Low
5204.0,45,160,7.254268816751662,0.3446423651488969,3,No,6,High
5715.0,7,46,158.54630990549578,0.5151892807025458,2,No,2,Low
9612.0,44,78,138.82997325780033,0.10863698004507402,3,No,8,Low
,23,45,1.4034392890932281,0.29096917547619455,2,Yes,4,High
7723.0,46,67,51.785087074187935,0.849298023696678,1,Yes,7,Low
4687.0,27,26,53.189614710857,0.4721337626617007,1,No,7,Low
9324.0,42,83,136.37355911101537,0.6727651909677457,2,Yes,2,High
6137.0,9,161,99.22498633225663,0.30905913487198816,2,Yes,7,Medium
1255.0,44,75,86.81590189008556,0.6848907980037995,3,Yes,1,Low
9392.0,3,118,79.0260420846729,0.9999764808816312,2,No,2,Medium
1096.0,13,38,43.71662017270138,0.6357588754571245,2,No,5,Medium
9727.0,6,100,148.26909405244575,0.6655227063777179,3,Yes,8,Medium
5309.0,38,134,63.65552261840892,0.20036784201579774,2,Yes,7,High
2645.0,21,158,158.11881089018706,0.4630433244993861,4,No,3,High
3800.0,19,113,30.34809014184225,0.8746524086346006,1,Yes,9,Low
6865.0,25,79,75.40141727134319,0.850844776292499,5,Yes,5,Medium
5084.0,39,23,198.24166279663174,0.5701591993251898,2,Yes,3,High
,4,129,111.73111559232454,0.9131087347639952,2,No,7,High
2418.0,22,24,75.47265714428875,0.22864331638514623,6,No,4,Medium
9030.0,5,165,68.59567061244391,0.6923704641953726,3,No,1,High
2619.0,1,120,56.53029734642623,0.32399521885197585,2,Yes,5,Medium
5527.0,17,98,122.68484865732651,0.681005264594713,1,Yes,8,High
4703.0,9,86,144.92982245521884,,6,Yes,4,Medium
8346.0,9,100,112.56486207330346,0.9492481855944449,4,No,7,High
2184.0,24,108,97.03912562110874,0.8076988356314434,0,No,8,High
999.0,10,8,130.0784354878549,0.2808654084063017,1,No,9,High
8815.0,20,164,29.772094760215495,0.6735489117148336,1,Yes,9,High
562.0,17,151,118.90410341089323,0.783231076483724,4,No,5,Medium
1601.0,13,135,121.7327176854619,0.2885012396464248,2,Yes,6,Low
815.0,29,96,113.36765156216849,0.1839972769425794,6,Yes,7,Low
5430.0,36,65,72.23852583026662,0.4166017894861299,5,No,2,High
7274.0,23,42,61.24784029591165,0.2221789070757088,1,Yes,9,Low
3711.0,27,122,34.95855941388601,0.6091405345938063,2,Yes,1,High
9280.0,18,138,173.52907862096023,0.4817034186160736,4,No,6,Low
311.0,18,60,97.21613435666555,0.5161819042908149,3,Yes,6,High
7456.0,9,172,78.81018587920683,,3,No,7,Low
853.0,3,125,73.93850613149453,0.9838469313483413,2,No,2,Low
3850.0,7,85,,0.813372099760998,6,No,6,High
3322.0,15,110,73.21480326622483,0.6665243454845656,3,Yes,6,Low
535.0,30,124,160.56148357399195,0.4273350530314025,3,No,9,High
9527.0,9,73,129.08556358914973,,2,No,8,Low
9070.0,41,87,141.42467045534517,0.20487484964687658,2,No,5,Medium
5029.0,27,46,147.96432035175437,0.7577805254854454,2,Yes,7,Medium
2060.0,36,103,209.99150668510407,0.43228353541773057,3,Yes,7,Medium
4372.0,18,134,101.38600910916382,0.40099369225838033,1,Yes,5,High
5913.0,31,32,78.60060342769805,0.9000805227317642,3,No,7,High
1824.0,17,121,121.85886373902264,0.536058001462394,1,No,3,High
8477.0,6,149,132.43383044579605,0.9096193516717987,5,No,7,Medium
1594.0,39,74,,0.8979746593619797,2,Yes,6,Low
2079.0,25,111,55.301790729838004,,3,No,6,High
5528.0,42,127,109.29983880628338,0.950826680590182,2,No,2,Medium
4153.0,42,73,127.22451664123432,,3,Yes,2,High
8537.0,38,43,117.36940871080358,0.9671555037224915,3,Yes,7,High
7260.0,38,139,8.118034878453528,0.5073534258394513,5,No,1,Low
8675.0,31,164,20.49552502451334,,2,No,9,High
7309.0,29,8,135.83921406371883,0.735529930470868,1,No,3,High
384.0,40,153,81.38445830760466,0.5666454768920757,4,Yes,6,Low
5183.0,9,164,211.22862913761654,,3,Yes,3,High
4094.0,1,86,167.05803662770353,0.9549263633492753,4,No,9,High
8591.0,16,101,36.59350246607895,0.9346163415969163,2,Yes,7,Low
1000.0,38,146,,0.6888934452331782,3,Yes,1,High
1559.0,23,74,180.02884351027808,0.6919468110410727,5,No,4,High
3021.0,8,50,77.73631836606,0.32224482405265426,6,No,5,Medium
,47,152,95.69111896063728,0.8457611452463114,3,Yes,7,Low
,12,190,72.59814757436018,0.6693429997018692,3,Yes,7,Medium
905.0,10,103,43.86717805389381,0.8436239127985873,2,Yes,5,Low
7695.0,16,84,178.8488973534317,,2,Yes,1,High
2328.0,47,52,-29.49869137712585,0.36938802342845356,4,No,5,Medium
2021.0,43,11,66.27094133379263,0.27053326245773196,3,Yes,5,Medium
5072.0,24,44,78.87703320106743,0.1692692598008399,4,No,4,Medium
2487.0,39,63,107.85939778017466,,3,Yes,6,Medium
2096.0,8,40,38.01518733412329,0.35564622175786154,4,No,8,Low
4925.0,11,176,167.7467193709179,,4,Yes,5,High
5382.0,41,112,8.205014849511883,0.1527908003953944,1,No,8,High
2603.0,26,35,8.93637512433368,0.43809675850506435,5,No,5,Medium
204.0,7,174,102.90265549550335,0.33449789383279804,3,No,3,High
6962.0,15,48,35.65234588766705,0.4333006702010018,4,Yes,8,High
8730.0,15,175,110.3878976885377,0.14885508678092838,5,Yes,4,Low
1621.0,48,47,62.99531517795722,0.7517632769501019,2,Yes,3,High
1451.0,3,179,,0.20502759982867594,6,Yes,3,High
2798.0,16,138,53.60656971041803,0.11296236371333794,2,No,6,High
3712.0,15,97,172.2275386143138,0.9516601912504001,0,Yes,8,High
608.0,25,198,131.47037572353105,0.27358874412854495,6,No,5,Medium
5410.0,33,90,62.09523531593742,0.8452551686009147,4,No,1,Low
6290.0,14,13,131.21232023163662,0.9680235397814119,5,Yes,1,Low
1374.0,24,15,107.30079713042258,0.5807090796118858,5,No,3,Low
2922.0,11,84,139.27552627582875,0.5735063440427918,1,No,6,High
163.0,3,113,129.97218318991622,0.43067552048506874,4,Yes,2,Medium
4021.0,9,122,117.96434313901898,0.48303537829785537,2,Yes,1,Low
959.0,6,22,103.23260270496071,0.5338678572580061,2,No,7,Medium
1647.0,31,157,145.22369942643277,0.2368849633485663,3,Yes,2,Low
2176.0,16,101,158.5298295740065,0.42826305154632327,1,No,8,Medium
536.0,11,190,106.82835004494497,0.8344975983485007,0,Yes,2,High
6185.0,17,34,,0.2641583076233252,5,Yes,1,High
3757.0,49,119,146.86291060187133,0.7568679222587038,4,No,2,Low
862.0,3,5,180.34635134590167,0.6864279402413717,2,Yes,2,Low
835.0,19,195,171.60617269899143,0.15156799775439322,4,Yes,7,Low
7314.0,24,101,151.4928422939583,0.1201859815939124,2,Yes,1,High
7684.0,47,117,79.29387787699606,0.41727561632051413,4,No,3,High
4194.0,42,83,34.35628405910897,0.722953249418657,3,No,5,Low
6694.0,8,33,127.96485446962234,0.3973761346245954,2,Yes,7,Low
4828.0,49,70,127.5863509059752,0.7009599705404445,0,No,6,High
9870.0,36,185,80.15289050083894,0.6989123287251834,3,No,8,Low
3829.0,40,109,33.28759774583571,0.8258991603618419,5,No,1,Low
7341.0,2,23,182.7896756377216,0.1895370532334603,1,Yes,7,Low
1176.0,23,70,121.27969592229536,0.6194160020687173,3,Yes,9,High
1930.0,40,116,39.58769766541042,0.15624740761598305,3,Yes,7,High
773.0,30,184,93.65102532959328,0.258352426246004,2,No,6,Medium
648.0,25,163,32.81575777345947,0.39295081257052833,2,No,9,Medium
9228.0,7,64,134.0892117274923,0.7366503163865193,3,Yes,4,Medium
995.0,28,121,192.50407412881802,0.9764901775036733,4,Yes,6,Medium
,41,72,,0.4082687329473196,3,Yes,6,Low
1013.0,17,97,95.37571265428576,0.5690300368624158,4,Yes,3,High
1276.0,32,162,86.18565819472518,0.3331500358801919,1,No,7,High
7373.0,1,145,88.78017398017505,0.7079406585486532,0,Yes,1,Medium
6796.0,27,147,61.20373393965385,0.4299272811554018,1,No,8,Low
4965.0,44,152,169.10214299996184,0.5334365560944498,0,Yes,8,High
4406.0,36,166,109.7514000849374,0.6110315882655659,3,Yes,8,High
3373.0,49,152,103.16914544420057,0.717618096916549,2,No,9,Low
6676.0,7,54,88.6973222273289,0.15404649516077795,2,Yes,4,Low
1622.0,3,93,36.355177305987006,0.5994109844079344,3,Yes,6,Medium
6525.0,30,159,146.91910801012824,0.48804768803299237,3,No,7,Medium
7577.0,1,162,171.14793415949123,0.2203885778317004,1,No,2,Low
2902.0,34,188,6.9266080518818285,0.2872330014982255,2,Yes,6,High
3222.0,38,197,135.47235984661998,0.8955010819901238,0,No,8,Low
2556.0,43,103,143.1225376068865,0.8845984081902131,2,No,4,Low
1749.0,36,187,164.21025928995837,0.1299972289813074,3,Yes,5,High
,33,117,160.2732610995263,0.720461342112627,6,Yes,8,High
1243.0,43,111,231.79013259953683,0.5987685818236187,0,Yes,3,Medium
8337.0,16,28,120.01303115415256,0.9458342588325237,3,No,6,Low
3414.0,38,29,149.6339094888949,0.9172051399201742,7,No,1,Medium
4506.0,11,185,100.62161238052809,0.6216057215671258,3,Yes,4,Low
2709.0,8,15,59.85825785029725,0.22505942918665328,0,Yes,6,Low
7691.0,1,98,,0.5138335213023701,4,Yes,3,High
3219.0,14,64,149.6897000454899,0.7526479302361052,1,Yes,1,Low
1500.0,30,179,117.08924859613684,0.9565629715808842,4,No,6,Low
9883.0,21,157,16.98773836396333,0.4274464651773243,2,Yes,3,High
8299.0,21,29,27.552173934117548,0.8062043283581967,4,No,8,High
9275.0,34,149,138.364749939979,0.7150066779535513,1,No,7,High
3697.0,38,144,81.71314408792914,0.1704634994280359,2,Yes,7,Low
5589.0,26,127,117.80466464605942,0.6021791652576591,6,No,8,High
3611.0,41,184,124.13456090073198,0.2651579501854473,2,No,7,Low
3928.0,14,15,94.27915301362415,0.7151943629599881,5,No,5,Medium
665.0,40,14,87.19578747779744,0.6490763622465753,0,Yes,8,High
7751.0,35,85,93.48665194415351,0.9757432824704498,7,Yes,8,Medium
9192.0,42,192,129.57451212045177,0.9418443986123285,7,Yes,8,Medium
,18,58,123.99989751667371,0.10843555023899308,4,Yes,6,High
6877.0,20,113,60.05127013614112,0.17202648715452967,2,Yes,2,High
213.0,9,67,99.25819877351745,0.7922208802866051,2,Yes,8,Low
631.0,41,24,46.96465570006902,0.7170787656784692,3,No,1,High
9814.0,45,9,125.71778754568062,0.8208510386652023,1,No,9,Medium
3510.0,33,45,76.72288918362081,,0,No,9,Medium
9336.0,49,122,135.98860643246357,0.864390491886229,4,No,6,Medium
5939.0,4,67,87.97854069865097,,4,No,6,Low
8324.0,4,188,157.20030128154838,0.33571763620699757,4,No,6,Low
8424.0,48,36,166.65298914403107,0.10954697282640313,4,No,4,High
1826.0,16,31,122.21006700917145,0.8842276313376344,5,No,1,High
5170.0,47,72,81.63783602958084,0.5818094643161552,2,Yes,1,High
8317.0,26,109,53.13514038033022,0.9778438753767934,5,Yes,1,Medium
2748.0,6,180,148.0816045980189,0.7432132506105336,2,No,5,Medium
9553.0,37,11,96.6903293763831,0.17237542914080073,1,No,7,Medium
2165.0,22,178,102.40750045125449,0.6293720677619281,4,Yes,1,High
1033.0,42,107,80.57983529917206,0.11541208584101276,3,Yes,1,High
1150.0,39,116,,0.6020036687916389,2,Yes,6,Medium
9108.0,7,150,153.72415093037847,0.4151814967891727,1,No,2,High
6130.0,42,170,95.76427546828998,0.678966251246889,2,No,2,Low
7216.0,30,107,6.887516337675436,0.5874167856216437,3,Yes,7,High
5143.0,10,197,,0.33521529107303955,1,No,9,Medium
9029.0,15,21,32.26530657780012,0.24611554819524162,6,No,8,High
6567.0,6,94,129.5189307946627,0.46424033770757467,6,Yes,2,Low
3702.0,24,119,122.65016217264679,0.9881526833646441,2,Yes,7,Medium
6978.0,2,90,175.4127319316749,0.4921287764943445,5,Yes,5,High
892.0,40,107,26.170782472581593,0.7739084240400624,3,No,4,High
6063.0,15,86,171.86040696100093,0.15127617304483365,2,Yes,4,High
9647.0,21,130,,0.44097918797566327,5,Yes,4,High
1485.0,18,42,31.65434145376726,0.6222907334791035,5,Yes,9,Low
1160.0,5,96,191.3508755716275,0.776076861995634,6,No,7,High
9663.0,25,67,93.77704149460283,0.5755452915853541,0,No,7,High
8023.0,36,174,40.43826374394599,0.5637659912207031,0,No,4,Medium
4238.0,10,140,151.9791537622301,0.7875162213374521,2,Yes,9,Low
1249.0,46,34,45.55467831848763,0.38195894558701027,3,No,8,Medium
7793.0,23,68,157.81105492455225,0.1815494687842533,5,No,4,Low
7592.0,24,13,90.40217664533279,0.4124354239156651,2,Yes,6,High
6427.0,45,61,82.53884746433917,0.2430966119044912,0,No,4,Low
3453.0,10,111,34.91794297313278,0.96934978372009,5,No,1,Medium
6069.0,6,191,47.82046641870825,0.6197603927290225,4,No,5,High
4728.0,13,99,108.02326362708101,0.5019403881948568,2,No,3,Medium
3548.0,21,199,18.039966741790906,0.9208466903409106,1,No,1,Medium
5427.0,32,79,134.46126522102918,0.9103252486303929,5,No,2,Low
9792.0,43,9,73.75930704936687,0.4741275511667886,3,No,2,High
5149.0,15,99,80.18055105892539,0.8872546260248293,4,No,8,Medium
168.0,2,8,129.1582435481737,0.15762333982871107,4,Yes,4,Medium
3608.0,15,12,89.79636642826182,0.8971472307992922,3,Yes,3,Low
400.0,17,174,161.52881312062047,0.37952517569988853,1,Yes,4,Medium
6897.0,20,167,-2.517762020857475,0.6086100559065591,1,Yes,1,High
2700.0,6,145,140.02261347902046,0.3427197249451519,4,Yes,1,High
,15,137,101.20444706283301,0.9863196014524055,2,Yes,5,Low
5005.0,17,44,,0.16460198500265222,3,Yes,7,Medium
4118.0,26,23,,0.502259758102586,2,No,9,Low
3182.0,22,86,129.34118850620553,0.6588893393502051,4,No,7,Low
7174.0,9,129,111.41696286421633,0.6540510271035614,2,No,5,Medium
1339.0,12,8,,0.7648825507883594,5,No,3,High
559.0,22,132,64.72669966794764,0.7519737936898387,2,No,8,Low
8082.0,23,191,46.05289694645144,0.8138284346802731,3,Yes,7,High
2726.0,37,150,168.29675865065394,0.31085866854072247,2,Yes,4,High
3863.0,14,156,141.33679243881122,0.4334558440617051,3,No,1,Medium
7120.0,24,111,128.43268483226868,0.4438298043822454,4,No,3,Medium
2901.0,8,97,78.65013356228542,0.9602556948191279,3,No,8,High
563.0,26,35,201.6946458389134,0.4683806713766874,4,Yes,2,High
1097.0,32,62,65.27759940670833,0.29968228963420923,1,Yes,9,High
5741.0,28,32,81.0964085746948,0.6691099837525756,3,No,4,Low
6484.0,32,141,190.64771472325265,0.4845402233427054,2,Yes,7,High
1778.0,22,177,97.37955357403864,,1,No,7,Low
964.0,49,94,186.9054855504101,,2,No,8,Medium
,9,53,118.92976064909415,0.2727327579829556,4,Yes,7,Medium
7836.0,3,115,74.26110071921065,0.6700186365934135,4,No,4,High
2797.0,25,6,90.20954359990503,0.48747763876336936,1,Yes,7,Medium
9156.0,39,10,64.15972390634278,0.387250447897605,0,No,5,High
3026.0,12,33,134.66664428699158,0.9513840407385711,3,No,7,Low
7642.0,29,158,161.14445345551468,0.39196675703330197,5,Yes,3,High
4529.0,3,160,123.36627008171854,0.4127566367349714,4,Yes,7,Medium
7510.0,41,11,114.18148328514518,0.8835745277198539,1,Yes,7,High
7318.0,46,38,48.03827052309758,0.21613902658794393,3,No,2,Medium
7125.0,23,188,154.66962508876063,0.19726187468145495,6,No,8,Low
2497.0,23,142,141.9948442838416,0.3544370056760523,5,No,7,Medium
2321.0,18,116,113.90460802817819,0.6324723309470138,4,No,9,Medium
,11,61,84.93136226298051,0.4458701440991242,6,No,4,Medium
6604.0,36,179,102.19524368344378,0.6476990327521076,2,Yes,9,Medium
7622.0,26,31,54.50536189806164,0.2437755679399912,4,Yes,1,Medium
5885.0,8,43,26.284105785837255,0.33530576389061234,5,No,5,Medium
6319.0,28,154,85.0076381250744,0.6086461004312245,0,Yes,7,High
4098.0,18,123,56.99878080391061,0.29543428203285915,2,Yes,4,Low
2903.0,13,151,,,5,No,7,High
4647.0,36,104,75.6024403929095,0.6153830892925206,1,Yes,9,Low
6610.0,42,13,96.09872503648798,0.9762858120528229,3,No,5,High
9117.0,40,151,92.81524411689128,0.17189799208983386,2,No,5,Low
3761.0,44,6,,0.5143725807138144,4,Yes,2,Low
151.0,12,96,117.39487734857371,0.45664386466791784,10,Yes,5,High
6158.0,22,193,106.5748269837794,,0,No,8,High
3615.0,2,63,148.05738288864143,0.9102674071255908,2,No,4,Low
3430.0,40,75,,0.9163118516782285,6,No,2,Medium
7591.0,28,74,154.2216787801529,0.43762538173743437,4,Yes,8,Low
1774.0,13,165,92.3484619038771,0.3741896322059338,2,No,4,Medium
6128.0,33,197,117.0039296178442,0.5042235254095763,2,No,5,Low
1461.0,3,29,54.14325313144288,0.4095876753746227,3,No,7,Medium
9078.0,34,74,156.80401222474862,0.7469658825113742,5,No,5,High
655.0,23,160,164.99988037391347,0.2922139437666243,1,Yes,4,High
7892.0,32,150,194.16578435922997,,3,No,7,Medium
2212.0,20,67,72.8779284432088,0.9342887797940508,3,Yes,4,Medium
2310.0,28,53,126.48428179878911,,1,No,4,Medium
1801.0,8,127,28.010079926985014,0.7092015549299419,2,No,2,Medium
2812.0,3,128,5.638308673833123,0.2292050094016405,4,No,5,High
6563.0,30,198,128.17178100599264,0.2092455478875332,1,No,8,Low
2416.0,25,44,94.35799264611686,0.2040800302583794,2,Yes,4,High
6569.0,30,89,35.74549764604038,0.224675352860814,1,Yes,2,Low
1710.0,29,91,108.95653008921379,0.2945483832784978,2,Yes,9,High
4452.0,47,198,146.68204254338326,,2,No,6,Medium
6443.0,30,84,103.15493929070624,0.7902870837539837,3,No,3,High
4805.0,34,8,161.42387018315222,0.2141713213398242,1,Yes,5,High
9419.0,25,38,66.96219567925786,,3,Yes,6,Medium
5591.0,17,9,154.137183651101,0.8584446559872033,0,Yes,9,Medium
9196.0,24,154,80.81146086647962,0.7546492238526024,2,No,5,High
8455.0,38,152,161.50827986209836,0.48336921951532574,3,No,9,High
,28,107,36.44045725557753,0.10140151134297326,2,Yes,1,Low
4810.0,33,179,111.53677318865252,0.7612884471702671,2,Yes,4,Low
2125.0,36,38,111.43099431119126,,3,Yes,1,High
205.0,7,176,123.85579526115175,0.4017577385546758,3,No,2,Low
4559.0,23,10,82.42900489496184,0.7461888050990069,3,No,2,Medium
3192.0,46,188,121.58382631009448,0.15584285292515354,1,No,5,High
9444.0,26,33,90.0856253140603,0.7385453843244785,2,No,1,High
,14,57,73.67086499127323,0.16147766876400377,1,No,3,Low
9038.0,42,5,170.7046368369597,0.6284677022998139,0,Yes,6,High
6171.0,28,63,103.90162702847947,0.6377979573057643,2,Yes,1,High
,24,180,24.308431862092675,0.37194089898143756,5,No,1,Medium
9252.0,7,11,66.3484975663675,,5,Yes,3,High
3591.0,48,164,172.57436469151196,0.9544012972411935,2,No,9,Low
3397.0,36,82,,0.5820196636149518,5,Yes,2,Medium
,39,193,127.04224363843791,0.6217823126114763,1,Yes,6,Low
308.0,15,189,65.2728990492806,0.6535188001274264,5,Yes,3,High
3416.0,49,55,28.08976681374395,0.9019431342335396,4,No,6,Low
5507.0,3,151,124.02274433059014,0.15423008009208183,2,Yes,7,Low
7333.0,48,31,83.57070460670204,0.9039589910672795,8,No,7,Medium
1991.0,2,67,179.42642173483762,0.3157088577501467,1,Yes,2,High
9468.0,7,192,156.27719443056142,0.1701552246367127,2,Yes,3,Medium
3606.0,16,65,163.26289594105907,0.6915392669181982,3,Yes,4,High
2139.0,21,65,153.30433651073872,0.9792780798310152,3,Yes,8,Medium
3389.0,9,130,134.47561499596358,0.1515178596759363,3,Yes,5,High
9744.0,12,49,31.709788011624468,0.4835096362336293,3,Yes,1,Medium
6745.0,29,153,88.30228129030446,0.5768060728094072,3,No,9,High
4861.0,24,176,133.54370555341575,0.3269070676931411,3,No,1,Medium
1717.0,33,133,85.47972801825676,0.9845849342376712,2,No,2,Low
8286.0,14,99,98.50008425238268,0.6768668931434447,3,No,7,Medium
534.0,43,95,136.23058550475662,0.8599156055620403,7,No,3,Low
1746.0,18,48,152.8028511692424,0.4741999137745423,4,No,6,Medium
6767.0,5,66,53.87036843702524,0.41856029843033593,2,Yes,8,Low
5358.0,15,65,133.50205045649403,0.597842105392983,4,Yes,5,High
7290.0,7,83,128.24806112179056,0.4917505983639757,3,Yes,1,Low
1540.0,25,93,50.556571333187264,0.743453249623115,3,No,3,High
6195.0,14,116,79.67583665427563,0.3392362811906152,1,No,2,Low
6975.0,40,115,107.4842579938373,0.5046319279831597,2,Yes,6,High
4543.0,36,54,169.49741470178532,0.9056194725646538,0,Yes,5,Low
4960.0,35,45,79.26238946321212,0.7804971103089965,1,Yes,7,Medium
9225.0,44,37,120.88274779236872,0.251263148516105,3,Yes,2,High
,24,16,158.43832324383118,0.8981783464524378,6,No,6,High
7813.0,15,6,192.7340388277898,0.6301149314006692,2,Yes,5,Low
480.0,11,111,111.34139211059173,0.7113584649452348,4,No,6,Medium
9116.0,24,153,-5.983281157018254,0.3648309092643395,2,No,5,High
9830.0,11,146,146.1707631640425,0.49738983727209174,5,Yes,7,High
7273.0,44,38,110.55352512657515,0.8261312310156259,2,No,5,Medium
1737.0,17,89,57.754212566619415,0.3976085968868639,6,No,7,Medium
,6,196,135.5531785561776,0.24855545395917394,1,Yes,1,Medium
624.0,21,155,193.26656877495316,0.4404744216851325,3,No,9,High
3207.0,8,89,110.449462944369,0.1622968006684493,4,No,6,Low
8242.0,15,54,18.90941065144483,0.746070812636439,2,Yes,9,Low
1193.0,32,146,172.20460488702537,0.23297131789677802,4,Yes,1,High
204.0,10,110,101.1322218297432,,0,Yes,2,High
1839.0,28,50,135.6274315595076,0.8929729049985029,1,Yes,7,High
3226.0,15,122,,0.5864478921610939,5,Yes,4,High
1776.0,12,9,122.80843134262918,0.38920459653682815,3,No,1,Medium
8004.0,43,70,133.28415259531306,0.5929002010133972,5,Yes,5,High
8127.0,18,154,140.34746799410797,0.29644989366870045,5,Yes,4,High
5016.0,37,74,107.33309460093005,0.12265581673504913,2,No,6,High
3034.0,44,112,61.9711715810249,0.6433592310674227,2,No,7,Medium
5256.0,24,6,109.68401755440836,0.7427133395062563,3,No,3,Medium
,37,33,139.42686175096674,0.8918035889013816,3,Yes,6,Medium
9733.0,29,65,62.319692839319515,0.7946950249582513,2,Yes,2,High
1945.0,10,104,44.6675741128559,0.9340099304459635,2,Yes,4,Medium
3601.0,14,132,166.65138993484007,0.9873581279885832,1,No,9,High
1641.0,16,148,184.57907361224864,0.7704419029712184,0,Yes,7,High
566.0,37,196,101.91859838068645,0.8811309707473006,2,No,2,Low
3044.0,11,101,,0.7063583529053663,0,No,6,Medium
4394.0,26,101,,0.25384401208744223,6,No,4,Low
1691.0,40,18,-8.996922355847744,0.2635321836900565,2,No,8,Low
4172.0,19,47,110.33634235660544,0.19923351068373682,3,No,8,Medium
3672.0,18,175,173.298649315266,0.9486772479941712,3,No,1,Medium
9485.0,30,74,41.28124901570571,0.7054765280554421,6,Yes,8,Low
6078.0,32,59,36.708120520357355,0.8109187754189722,0,No,7,High
393.0,23,35,,0.3980416031419278,2,Yes,1,Low
9213.0,12,80,76.29322191484222,,2,No,3,Medium
5958.0,13,172,133.35712849640197,0.13580157865302353,0,No,5,High
1438.0,21,159,166.03202022440058,0.9001066603915877,3,No,3,Low
5309.0,21,56,164.85903622616206,0.8677030864704472,3,No,3,Low
3575.0,29,132,132.69736345274887,0.8063302013778648,3,No,1,Low
9833.0,29,11,20.44567566808975,0.15247186091307235,2,No,8,Medium
2598.0,27,178,,0.2568247620196904,4,No,9,Low
9199.0,29,104,136.70901159900114,0.4007535919790153,3,Yes,5,Medium
5828.0,15,165,20.65064998676307,0.33675640780750454,1,No,1,High
7417.0,47,140,127.76774640262494,0.8546138546779618,2,Yes,1,High
,12,137,113.87483480897325,0.2753521823805579,3,No,9,Low
3188.0,41,65,76.8269556753115,0.578912018805077,4,No,1,Medium
6381.0,19,108,-27.31910980849395,0.614242988037381,1,Yes,9,Low
6895.0,12,192,110.08908881634895,0.4825106624462836,3,Yes,3,High
5727.0,23,156,125.59283941353362,0.3166191385574133,4,No,3,Medium
4090.0,5,11,72.19466196114985,0.9642648617930183,1,Yes,4,High
3851.0,26,193,45.403226971593305,0.4720593180421202,5,No,5,High
7341.0,10,87,114.66676286516439,0.7545789959829984,3,Yes,6,Medium
2197.0,22,99,27.386682367709298,0.265641838890606,3,Yes,6,Medium
3274.0,39,168,130.8430217540044,0.8405300516826054,2,Yes,9,Medium
,23,31,152.792145527506,0.29430264091030006,2,Yes,1,Low
398.0,11,128,1.993052780084696,0.7077759612157235,3,Yes,9,Low
4534.0,28,161,73.59316115502693,0.5558464013252696,1,No,4,Medium
4161.0,31,91,97.56156899022496,0.23190142688328383,4,Yes,7,Medium
573.0,8,152,99.03000417203037,0.12245427654046954,4,Yes,6,Low
5157.0,39,74,56.05034950402534,0.9376734388436252,0,Yes,9,Medium
5389.0,48,118,33.186896729539015,0.21312146220808587,3,No,2,High
,28,80,76.99300557731232,0.7344562858182233,5,No,2,Medium
8740.0,16,118,132.20590586623672,0.6874164630522857,6,Yes,7,Low
2321.0,46,7,128.52390197075513,0.4075480382036739,4,No,9,Medium
5351.0,47,171,129.13509221697802,0.2668446095992557,1,No,5,Medium
3711.0,31,103,162.54949137286468,0.26049542450987334,1,No,7,High
2742.0,41,128,47.63296964200414,0.6267950677452151,1,Yes,8,Medium
2020.0,48,49,81.10117500394277,0.5922291651616409,4,Yes,8,Low
7175.0,16,130,90.75815611090165,0.8883415183152089,1,No,4,Low
6094.0,5,72,-44.12406176308329,0.6760027705707427,3,No,7,High
2416.0,35,35,111.21209884145703,0.8373474784724723,1,Yes,1,High
1374.0,25,110,98.51667131818573,0.12917175620734792,5,Yes,4,Low
9907.0,13,42,43.18224755546732,0.7038938323257357,4,No,5,Medium
5083.0,29,138,143.56464537956595,0.3103377745866589,7,Yes,7,Low
7934.0,27,12,140.40518481203418,0.32755506396913914,2,No,6,High
,40,32,119.99144140357497,0.7485188761804069,4,Yes,4,Low
359.0,17,19,14.55853035514373,,4,Yes,3,High
3306.0,37,12,51.34956443785876,,1,Yes,6,Low
9804.0,38,58,115.20177426490409,0.8110691351814756,2,Yes,5,Medium
5278.0,29,138,73.15220434661853,0.49937020781712005,4,No,3,Medium
5458.0,34,33,88.4586209366166,0.8718808135333427,2,Yes,4,High
4607.0,30,119,44.94238623089457,0.12241339496073338,2,Yes,2,Medium
6558.0,31,38,109.5953377787456,0.1751455637333656,2,Yes,9,High
7641.0,22,11,175.23952917841297,0.7987166265409135,3,Yes,7,Medium
3608.0,46,44,116.18693323637241,0.661680665047299,1,Yes,3,Low
7405.0,25,78,148.56227188054126,0.6031182282719665,1,No,8,Medium
5094.0,4,145,143.88065019252707,0.652580926604716,1,No,8,Low
8523.0,35,66,82.0904749726482,0.9371715646799357,3,Yes,1,High
6854.0,41,90,90.7219335432497,0.6899833282942596,2,No,5,Medium
9021.0,44,120,173.53514826705026,0.6827285049938524,5,Yes,5,Medium
5616.0,9,69,136.62695176608156,0.7835237917356049,4,No,3,Low
5968.0,26,45,148.04353268241846,0.879958635075844,6,Yes,2,High
5899.0,27,127,108.33016738192731,0.33572123041451946,2,Yes,1,Medium
3029.0,27,174,80.40218583440985,0.6550739733099736,4,No,4,High
8609.0,18,120,86.48755215003585,0.6255774671972277,5,Yes,2,High
1630.0,30,70,168.86401452712136,0.22136453334850828,4,Yes,5,Medium
8013.0,45,120,99.95948876393459,0.5682852765196408,6,Yes,2,Low
9402.0,46,143,162.38245455503056,0.16259546326641883,5,Yes,1,High
815.0,31,105,170.2567784031575,0.2664636286621057,3,Yes,9,High
9633.0,42,54,146.03045466540468,0.9216667737263624,4,No,2,Medium
7627.0,3,75,140.18233394403853,,3,No,4,High
3412.0,29,167,184.84522672595264,,3,No,3,Medium
7323.0,7,84,57.71937829741239,0.3911326263937662,2,No,1,High
,18,83,79.38578737664633,0.5997819616539513,3,Yes,8,Low
7127.0,16,24,37.03207367274574,0.31147618820716283,3,Yes,2,Low
301.0,49,160,25.127754990096506,0.4999415092098941,3,No,8,Low
,32,127,97.78422977870885,0.8806000898334345,4,Yes,1,Low
9964.0,38,41,113.42857541962665,0.43859528003742076,4,No,6,Medium
9348.0,25,7,125.26800904278706,0.4177278442008421,2,Yes,4,Medium
3771.0,44,97,65.13590354216757,0.5015062713426988,2,Yes,3,Medium
8710.0,32,191,79.34742358699947,0.19044355981988376,3,No,1,Medium
7470.0,19,105,142.3369532519958,0.4486123221292494,2,No,1,Medium
2698.0,3,159,26.974646612506007,0.10621022556534902,2,No,7,Low
8917.0,35,36,100.63380033004046,0.5530574306340567,0,No,6,High
,29,52,165.29706999378556,0.8631469712362864,4,No,3,High
3029.0,11,50,86.71980748902418,0.5968657935528687,1,No,2,Low
3483.0,6,118,78.9419213480161,0.6469526603854175,3,No,3,Low
3640.0,19,99,162.14170012717472,0.12750703413378975,2,Yes,8,Medium
493.0,37,51,29.313317636971277,0.8735634821044677,3,No,7,Medium
,45,44,59.798573075696915,0.4465031975202327,3,No,7,High
6877.0,27,135,61.71971172430818,0.977367412546036,1,No,5,High
8923.0,5,120,134.71074105661268,0.20841883257723398,5,Yes,3,Medium
421.0,26,161,19.79716617085687,0.9502046963067139,3,Yes,1,Medium
4769.0,35,95,161.680850578977,0.6708618157026907,4,Yes,1,Low
1793.0,19,62,98.66943057199177,0.14710627026153472,4,No,6,Medium
1163.0,17,182,152.28978436097037,0.9745291700530582,2,Yes,4,Low
8021.0,35,14,162.04125344816427,0.11248576133073772,3,No,7,Medium
,47,65,60.72003081593186,0.7576301518218921,1,No,1,High
9768.0,49,115,100.91688443999698,0.9005769535492851,1,Yes,6,Low
3361.0,13,125,88.59639504709152,0.25823039880714166,1,No,7,High
3186.0,14,65,96.7277350188638,0.4090214716280276,4,Yes,1,Low
3911.0,30,155,71.52001714263473,0.6051064064849742,3,Yes,2,Low
3451.0,48,10,155.7082824437872,0.7118283572604667,5,Yes,9,High
7180.0,43,79,90.6969550648991,0.8846882810151349,2,Yes,9,High
9250.0,17,192,83.29347952312744,0.7849634237904753,7,No,6,Medium
4243.0,37,119,156.1773371976035,0.426998029437044,6,Yes,4,Low
6432.0,15,159,141.8086189445621,0.8395478306080015,6,Yes,7,Medium
6547.0,18,187,114.37726709522487,0.9694690489783119,3,No,5,Low
9874.0,48,35,80.38062100496299,0.30428756311747246,3,No,3,Medium
7963.0,14,127,173.23053422417067,0.16668603410898647,3,Yes,4,High
3276.0,14,162,47.15753728904374,0.4839577587477064,2,Yes,2,High
2516.0,45,71,153.61915804585985,0.8932573935617958,5,Yes,6,Medium
7768.0,33,17,131.3226541402469,0.23526235439127527,2,Yes,3,High
8751.0,38,63,36.67984209138335,0.897218369093809,4,No,7,Medium
2411.0,11,58,103.6952589840052,0.99299172136255,0,Yes,4,Low
1329.0,11,108,33.962785868954796,0.14860200779484073,2,No,8,Low
1630.0,48,25,82.60492785366016,0.5457307364699355,8,No,1,High
9679.0,26,47,114.00796440545963,0.3959969452419252,3,No,9,High
2897.0,3,15,49.284824509074895,0.4543118694381799,2,Yes,3,High
1463.0,25,113,-17.388985383523647,0.5064712771116777,2,Yes,3,Low
4602.0,17,71,93.6123151769095,0.7657335608060708,1,No,5,Medium
552.0,22,170,110.72780714246255,0.6321697328540586,3,Yes,1,High
,29,99,81.1512258411991,0.9650809793951023,2,No,3,Medium
6096.0,46,156,99.23052713819114,0.3994881393155807,2,No,4,High
677.0,26,110,91.01926232947868,0.5873536742344685,3,Yes,2,High
4019.0,34,55,49.116631011838976,0.8319956778403274,5,Yes,6,High
7417.0,26,193,197.35590081975874,0.4357255752943122,1,No,4,Medium
3364.0,9,50,115.84937755879466,0.5187692805498186,3,No,1,Medium
2031.0,40,47,78.70850901934493,0.7164770974167041,4,No,3,Medium
4342.0,11,31,58.76080049798771,0.8746697967438758,4,Yes,7,Low
8281.0,7,89,80.12177735217753,0.47411332338144585,5,Yes,3,Low
282.0,30,162,81.75199086977618,0.5787554249320661,5,Yes,6,Low
8527.0,2,98,101.90764723023355,0.977610056761755,0,No,6,Medium
,30,131,,0.13822224575230363,4,Yes,1,Low
3105.0,4,195,59.77150760199493,0.5034058449935901,3,No,2,High
,14,14,108.88620289769862,0.6723836660162804,2,No,6,Medium
624.0,13,135,139.98188365053738,0.10758471180591264,3,Yes,2,High
5759.0,25,64,66.30762763824603,0.6371078514097731,4,No,2,High
2470.0,13,31,66.02021165473238,0.15057995919670808,5,No,4,Medium
9576.0,13,127,24.544754510161326,0.871802556983365,5,No,8,High
1735.0,37,177,184.06054697964134,0.8263774859577093,2,Yes,6,Medium
4532.0,44,66,125.39627766398978,0.12902962311873664,4,No,8,Low
7567.0,6,156,71.48096762000479,0.1439236221016385,1,No,4,Medium
4314.0,26,50,69.31573165617634,0.7782525384054422,6,Yes,3,Medium
9873.0,14,130,48.43089174703065,0.4325904033204794,5,No,7,High
,8,176,107.85501824450569,0.6175232091444923,4,Yes,7,High
7950.0,24,67,82.89246854084112,0.34329544278884555,1,Yes,2,High
4041.0,22,8,54.13074108625614,0.2556719884936898,2,No,1,High
8487.0,40,20,61.41310332460035,0.3664694057928054,3,No,8,High
8624.0,39,183,,0.3220423302015893,5,Yes,3,High
3191.0,49,78,80.92826619824382,0.503476694415401,1,No,6,High
4818.0,21,116,38.59727438138758,0.7720085487589176,0,No,7,High
8949.0,43,105,103.23396654686994,0.598716467134261,2,No,8,High
8995.0,26,180,65.68789583991779,0.6482604771457466,2,No,6,Medium
5652.0,10,197,132.30362421560253,0.5230707368122759,4,Yes,7,High
5078.0,13,49,175.34709412545354,0.3922602761825347,1,Yes,5,High
9741.0,42,135,3.1276013503195372,0.22915794282443913,1,No,3,Medium
1352.0,14,21,64.65296056441468,0.4191089132026009,3,Yes,2,Low
8815.0,9,169,106.92582243673661,0.6986787545924786,5,Yes,7,Low
2522.0,7,9,96.1773629674759,0.7603996806314384,2,Yes,8,Medium
,39,179,162.59255659495136,0.5222633895173922,1,No,8,Low
9067.0,31,48,99.0349262349087,0.6804975471247411,3,Yes,3,High
127.0,16,165,110.21747150182418,0.28948697369582704,3,Yes,2,High
7639.0,8,25,121.54148852572979,0.8740596886515607,1,Yes,9,High
185.0,48,199,65.95783554875304,0.8793428056087822,3,Yes,6,Low
,15,72,125.75984982082576,0.38829513454527287,1,Yes,3,Medium
4381.0,25,36,120.27876409831588,0.5929410153654345,4,No,5,High
4753.0,47,28,105.15972180431737,0.6459958255736973,2,No,1,Medium
8133.0,38,167,,0.525187034906176,1,Yes,2,Medium
7764.0,41,150,61.94986680535281,0.9200279382020085,3,No,9,High
5166.0,15,71,,0.7657452521138639,3,Yes,3,Medium
356.0,25,107,95.24391626553107,0.7052594433478594,5,No,8,Medium
1547.0,7,58,137.44918751447221,0.5680838993821365,3,No,8,High
5800.0,26,158,137.84873733262708,0.1763625969448681,2,No,5,Medium
4699.0,8,192,117.22955141402728,0.1970392398580869,2,No,8,Low
3443.0,18,129,137.8564069704087,,2,No,2,High
793.0,21,121,125.00470315676836,0.29037004153202206,1,No,2,High
8774.0,16,69,73.68501255068605,0.9572778747171948,1,No,4,High
3765.0,47,183,99.7086946596167,0.46883126678655884,4,Yes,8,High
2774.0,3,118,45.0571493903727,0.8889448947928767,6,Yes,2,High
450.0,1,192,174.66970476596234,0.8362717152996083,2,Yes,4,High
8940.0,13,191,37.27662568584796,0.8313132454633855,2,Yes,8,High
7144.0,32,80,-4.205610447860963,0.2941367726321664,3,Yes,3,Low
8519.0,12,21,206.03323409155598,0.5025896317007339,2,No,8,Medium
2163.0,31,153,95.35728649200352,0.3861567924824255,4,No,2,Low
6029.0,41,199,144.73772882624036,,2,No,1,Medium
8716.0,2,112,136.64696185643822,0.889069871166103,1,Yes,6,High
7513.0,41,32,152.269910512379,0.32493129487578376,1,No,8,Low
1921.0,8,48,129.55666731729843,0.3821683247291454,3,No,9,High
4989.0,25,194,129.8691711614806,0.5760183138200421,2,Yes,8,Medium
1685.0,5,174,-17.000318825107158,0.3507452066182444,4,Yes,2,Low
9970.0,45,98,51.819017129705145,0.8420769699282201,3,No,1,Low
,2,26,-31.39234971341952,0.8373081501143301,4,No,7,Medium
2380.0,42,42,59.003959991274364,0.7519063940463389,3,No,7,Medium
3849.0,38,18,73.34755497518506,0.7203791842804388,2,No,3,Low
2638.0,39,115,94.17105773601315,0.5925713567454474,3,Yes,6,Low
9308.0,3,126,52.61335850570808,0.4124010313974855,2,Yes,7,Low
543.0,46,158,82.37861839991162,0.8532446074959181,2,Yes,9,Medium
2167.0,48,172,74.10540987627894,0.8729489541265951,4,No,1,High
,38,58,117.27071449076261,0.14455852197775068,1,No,3,Low
2634.0,22,145,137.9562770614923,0.45875747253167143,2,Yes,5,Medium
188.0,40,131,110.7103802888921,0.12396482240520207,4,No,3,Low
3490.0,33,23,131.51554212290162,0.8555296552296712,2,No,8,Medium
5337.0,32,46,109.54199412617078,0.25938392186983766,0,Yes,6,Low
6677.0,47,45,159.35013341874298,0.7064800883348794,3,Yes,2,Medium
2041.0,17,54,193.20734494696217,0.421638235924933,3,No,1,Medium
3410.0,18,135,-22.312908995779154,0.8344589079089485,1,Yes,5,Low
8363.0,3,163,156.6602358880777,0.5587182102283881,7,No,9,Medium
921.0,6,80,35.51996126963229,0.39196173200640116,6,No,9,Medium
8172.0,49,147,109.2899312903311,0.39148360052566644,6,No,1,Medium
,13,186,113.06776167481343,0.3942345181794201,4,No,3,Medium
8695.0,31,185,130.42180627341796,0.8097212952273727,6,No,6,Medium
1798.0,17,177,97.4532282341992,0.7400040389440061,5,No,5,Medium
7462.0,21,170,99.75596278736097,0.3872926966118797,3,Yes,4,Medium
5791.0,16,103,117.16982141997815,0.5411872800492428,1,Yes,2,Medium
5829.0,17,54,82.69290857012936,0.16853804697639285,5,No,4,Low
2053.0,32,156,5.027237418595988,0.8447502415234808,4,No,5,Medium
5063.0,1,149,99.91231725591292,0.33935932849937134,1,No,2,High
6086.0,48,150,62.55856871495555,0.9003026276548272,4,Yes,1,Low
7852.0,38,46,58.28581597854179,0.6371170237116335,1,No,7,Low
5091.0,8,149,53.42161851123401,0.6110381459944382,3,Yes,7,High
3901.0,1,20,1.437314544675985,0.24644686808279942,5,Yes,8,Medium
8547.0,2,89,80.01642703708369,0.1625818236310148,2,No,6,High
2031.0,47,56,100.03991343262206,0.5973549228836441,7,Yes,1,High
1211.0,37,40,138.40052046903892,0.5211902109297016,5,Yes,8,High
972.0,24,111,70.46355875778823,0.20771473021953635,2,Yes,2,Low
8054.0,27,171,178.87580758287567,,2,No,3,Medium
4687.0,20,85,129.1878794113028,0.47551610725814353,6,Yes,8,Low
6579.0,47,157,43.94570206194981,0.3344120203517983,1,No,4,Medium
1661.0,21,119,75.58578284948157,0.8094448838317495,1,Yes,5,High
5626.0,42,46,201.07718223475638,0.9217577410992432,2,Yes,9,Low
4557.0,37,153,137.9976209189688,0.37536643287013616,2,Yes,7,Medium
5660.0,35,72,73.65578324097878,0.7983548968614825,2,Yes,7,Medium
7981.0,38,191,144.63280787631618,0.6872676913076621,1,Yes,1,High
9185.0,15,128,36.939179912363876,0.9907550053786826,2,No,1,Low
7815.0,46,34,72.36614074838016,0.28359343667010484,2,No,8,Low
2784.0,42,189,-16.497235406430207,0.964611095055809,2,Yes,1,Low
9538.0,30,37,130.18524471377043,0.38374485103890077,8,Yes,2,Low
846.0,4,107,41.722073429886045,0.47075886826387503,2,Yes,4,Low
5343.0,43,57,95.97111824099531,0.42294323273098133,4,Yes,9,Low
6926.0,39,148,22.678223330150146,0.3416056273795383,3,No,7,Low
4185.0,15,181,110.02079561024084,0.7239003232872642,6,No,7,High
6217.0,23,137,96.29216543589395,0.6302307886532601,2,Yes,7,Medium
,41,110,26.308150407452942,0.37512275112288684,1,No,5,High
8229.0,15,81,76.13308873989935,0.21899121086644868,2,Yes,1,Medium
4410.0,26,98,106.65986279137783,,3,Yes,5,Medium
9182.0,12,64,122.2590271449071,0.44310818051546486,5,No,8,Medium
2976.0,18,115,179.16508271809056,0.4425880988089631,3,No,7,Low
9923.0,6,59,160.89374017812258,0.4215335803863314,5,Yes,7,Low
2126.0,18,95,65.24746082912169,0.1438502556008232,1,Yes,2,Medium
5656.0,24,167,64.63761098683594,,4,Yes,1,Medium
,38,46,28.468016823723048,0.8525872875207763,2,No,4,Low
5341.0,28,73,49.51304933833936,0.26232966267266666,3,Yes,8,Low
5769.0,15,28,143.007770502952,0.23109160908470747,3,No,1,Medium
5499.0,19,122,20.544179085818385,0.5246659497203301,2,Yes,2,Medium
9033.0,5,187,92.25358981763223,0.4335427109350103,3,No,7,High
3108.0,4,146,84.9224978982507,,3,No,5,Low
7595.0,17,59,62.10830251135619,0.9523668786966903,3,No,6,Low
3762.0,10,19,34.8841043848695,0.7847976252995242,8,Yes,8,Medium
5520.0,12,9,5.282440228930838,0.718352337863168,6,Yes,9,High
3011.0,5,105,35.33367205902874,,1,Yes,8,Low
6997.0,7,136,95.84479565137761,0.3586238527434714,3,No,1,High
5585.0,44,34,129.88286692752584,0.5862376929662928,3,No,4,High
5938.0,23,57,180.59657528763358,0.896899174895154,2,No,5,Low
873.0,2,77,116.72416714124898,0.8890682594602344,2,No,9,Medium
2244.0,30,34,129.63881817605858,0.5009634538742954,2,No,6,High
9284.0,49,108,180.41080232044771,0.32159831791288296,8,No,6,Medium
6080.0,45,109,116.91646050908918,0.30281000522578816,3,No,3,Low
6497.0,37,112,149.15394054066002,0.13058957508343794,2,Yes,2,High
8241.0,5,88,81.02040577203768,0.8583978216663518,5,No,2,Medium
3337.0,20,96,136.062554438598,0.33835423044995916,3,No,7,High
8295.0,26,193,110.49987428386748,0.42309922690555,3,No,5,High
5682.0,44,75,87.9078004157333,0.828294526840658,3,No,1,High
6388.0,44,72,177.36011081656932,,1,No,5,Low
8456.0,39,59,39.84542856166382,0.5151106709328696,2,Yes,1,Medium
1997.0,6,103,57.00444021293955,0.2101072419291996,2,No,9,High
5533.0,29,101,158.88023388086364,0.49766371256019215,6,No,8,Medium
2667.0,10,75,148.55745287833372,,3,No,4,Low
8230.0,16,77,,0.5658605434121096,1,Yes,1,High
5817.0,34,174,116.98468448631328,0.8161387471642498,2,No,8,High
6852.0,31,81,125.86920064553371,0.7086670073120354,2,No,5,High
2659.0,36,161,,0.5582521086196605,2,Yes,1,Medium
9630.0,41,167,112.05780500810152,0.8458828409342398,2,No,2,Medium
4737.0,5,177,57.976445994103834,0.3050091774632737,6,No,5,High
712.0,33,112,161.9115985766539,0.8477166564858508,3,Yes,9,Medium
7846.0,43,94,89.79743012541954,0.3487271316293585,3,Yes,8,Medium
1984.0,19,103,50.47114342441624,0.42623770708068565,5,Yes,8,High
4124.0,32,161,106.70484794564973,0.21558718149444323,2,No,9,High
3234.0,23,7,117.16065489735561,0.191579280725997,2,No,2,High
9347.0,3,189,119.7677467841322,0.9389003669070219,1,No,7,Low
1722.0,1,198,148.63926519649604,0.27098042246647963,4,No,5,High
3382.0,36,123,81.00958099490163,0.3999665395557529,2,No,3,High
2710.0,41,154,96.74215519696138,0.5762365290549399,2,Yes,8,High
3169.0,28,115,57.80235891149187,,2,No,2,High
6586.0,48,159,111.68592019391907,0.8831199550409011,1,Yes,4,High
1355.0,39,26,57.06751854966347,0.9106432871020951,5,No,5,High
2760.0,5,120,70.50416708296032,0.3933914116541686,5,Yes,5,High
9334.0,13,117,149.17256951441735,0.18282492655004212,1,Yes,4,High
4552.0,11,181,106.82399118940711,0.28914241060645934,0,No,3,Low
9734.0,46,28,171.22829703351584,0.5269536286615575,1,Yes,3,Medium
7202.0,22,31,158.83587641312823,0.3596329380103551,0,No,5,Low
4276.0,49,40,110.78719278152562,0.5081250137783905,1,No,6,Low
3786.0,23,111,,0.7828331497487854,2,Yes,1,High
5337.0,12,149,88.07521209035541,,3,Yes,4,High
7761.0,21,60,152.19537039321457,0.2772977105871448,2,No,6,High
890.0,19,14,118.15622270525071,0.42217087652643914,3,No,2,High
8516.0,5,58,145.47804666188912,0.7686830963336798,3,No,5,Medium
3134.0,24,85,67.65677381402124,0.4816559081924001,2,No,9,Medium
325.0,30,112,31.946330001192962,0.3245840676739348,3,Yes,3,Low
5448.0,8,170,125.11272979393497,0.4846704752865987,4,No,3,Medium
6566.0,2,85,135.1396554290544,0.5093260189143938,4,Yes,9,Low
3279.0,49,131,103.75947890903934,0.36673948429934344,1,No,3,High
9103.0,34,102,128.93081988689704,0.996116580273735,3,No,4,Low
4323.0,23,136,57.4000039572228,0.7908634169997916,5,No,9,Low
7620.0,3,182,146.9649001678247,0.7232094882586838,9,Yes,4,Medium
4166.0,24,65,158.58593557598851,0.8693802861131297,3,Yes,5,Low
4462.0,18,153,151.03408922479798,0.6997772761889014,4,Yes,2,High
5123.0,47,40,106.19842830777425,0.8118823087496009,4,No,8,High
4409.0,37,106,,0.47127308006685065,4,No,9,High
346.0,49,50,42.85659382342356,0.550334592918395,1,Yes,4,High
5837.0,31,99,128.6736068457572,0.14229674497256445,2,No,3,Medium
1718.0,14,75,135.82250460173023,0.3525817522679342,1,Yes,4,Low
8712.0,1,48,,0.4312111683099844,5,Yes,7,Low
5260.0,14,68,52.9815026133406,0.6629232028773967,3,No,1,Low
1471.0,41,150,111.46790296924955,,1,Yes,2,Low
7828.0,5,17,,,3,No,5,High
4338.0,31,17,2.130031616366267,0.7419946010624936,3,No,9,Medium
2712.0,31,29,41.114303983594034,0.13844680090090347,4,Yes,6,Low
2180.0,30,9,158.06290866549546,0.33244997230325307,4,No,3,Low
6019.0,36,132,80.10427906932586,0.25381348529025916,2,Yes,3,Medium
4424.0,1,43,152.806526599956,0.26870960725387416,0,Yes,7,Low
7897.0,3,161,157.182540540854,0.5528128560687924,5,Yes,3,Medium
2835.0,20,112,127.31203793066538,0.7659808988499327,2,No,3,Low
6183.0,43,189,69.2784434749648,0.3454993305328396,0,Yes,7,Medium
7452.0,48,178,147.2117290242807,0.8420043143221411,3,No,9,Low
9121.0,43,165,110.67781613006566,0.9032108654877165,0,Yes,9,High
3158.0,21,142,102.23339668125418,0.4154804848183171,2,No,3,Low
9141.0,30,190,54.41965247874291,0.7132208850588027,4,Yes,8,High
5434.0,42,29,,0.2053443646765973,2,Yes,1,Medium
1253.0,44,78,55.14724523628755,0.7696254569372397,7,No,8,High
5040.0,30,43,147.9565084480093,0.24852148792895692,0,Yes,2,Low
3179.0,5,20,176.71846356250947,0.7186742233939187,1,Yes,4,High
502.0,10,192,146.1842716243749,0.479710003114166,2,No,7,High
3075.0,24,160,109.94614384524263,0.9356106894566867,1,No,6,Low
9894.0,45,176,84.6581120318836,0.5180145236491576,1,Yes,9,Medium
7636.0,39,190,123.8208093157334,0.12781253572083526,3,Yes,8,High
,48,36,79.14619931696993,0.5326021326213073,2,No,2,Low
6860.0,6,67,98.43190641258876,,3,Yes,4,High
1080.0,10,97,58.9266034279963,0.6823758977981649,1,No,1,Medium
6780.0,42,49,132.53204211986014,0.9696836769532066,3,No,7,Medium
2484.0,43,57,135.04541269768055,0.8589452410582712,2,Yes,4,Medium
9090.0,10,193,145.44278179965954,0.5738964966078066,3,No,8,High
1466.0,25,54,127.88928043702839,0.2858685090448583,2,No,2,Low
3038.0,14,159,124.39850702948476,0.10339716683991076,7,Yes,8,Medium
1362.0,47,30,47.80889836597303,0.9824521573012314,4,Yes,2,Low
7759.0,39,135,,0.9444877284724031,7,Yes,8,Medium
6287.0,13,94,116.55280965421048,0.3467295946676736,2,Yes,1,High
8595.0,11,43,155.0448948616226,0.6743942076013544,1,No,2,High
9985.0,39,197,86.63842325427844,,4,No,5,Medium
2416.0,11,167,100.28043917275782,0.6202121149293355,2,No,1,Low
8009.0,46,57,100.79980393886143,0.858665507354288,5,Yes,5,Low
1021.0,49,178,7.835583086424279,0.1700421835888124,2,No,5,Medium
7214.0,16,26,112.02122093474046,0.9068446307351921,2,Yes,7,High
6674.0,33,192,72.50739859469606,0.45281711004984293,1,No,2,Low
8712.0,41,138,130.55402154469783,0.5326210194173123,1,Yes,2,Low
5629.0,41,56,98.43313550364299,0.500260285379505,5,Yes,6,High
3909.0,32,79,91.03687321647621,0.5781576006724194,2,No,3,Low
1266.0,10,77,92.12604805608278,0.6383516246971781,3,Yes,8,Medium
8831.0,15,33,83.64901773209664,0.7393090896812727,2,No,3,High
6368.0,16,175,31.92258291249891,0.5724463051676837,4,No,4,Medium
5431.0,43,126,147.66742806673636,0.7162959304080012,3,No,7,High
5129.0,27,166,68.30480266130645,0.4044676992316305,5,No,1,Medium
1560.0,49,163,76.61238782450795,,2,Yes,1,Medium
4787.0,45,90,103.95327272132543,0.15807791781979225,2,No,9,Medium
5457.0,32,50,44.222350556426285,0.5909865477049842,4,No,6,Low
4839.0,6,8,75.04601206470082,0.1786565584195432,3,No,5,Low
427.0,47,6,195.8246509245122,0.49849033243323737,2,Yes,2,Medium
5338.0,48,137,116.8367182344888,0.3318241218875469,3,No,2,Medium
8643.0,36,50,57.109858691724575,0.9432131046243828,2,Yes,7,High
5232.0,8,83,-4.066985766583045,0.11176784774734908,7,No,6,Low
4832.0,25,151,150.0697121466246,0.45208326802731136,2,No,8,Medium
,7,170,49.39583604035498,0.803838474736259,5,No,3,Low
5391.0,17,63,72.85651200483485,0.2696152713863192,2,No,3,High
8525.0,48,76,79.18828590187502,0.8340293841996276,2,No,5,Medium
3222.0,30,24,54.34353468583266,0.8737525790423414,5,Yes,4,Low
4976.0,2,57,96.18818433608492,0.737202699681193,3,Yes,8,High
2828.0,17,111,72.42944089507452,0.28816226418355373,5,No,6,Medium
9224.0,4,59,,0.34483479092340613,2,No,8,Low
8095.0,26,171,107.02758488258978,0.2502412558258258,3,No,7,High
1923.0,14,125,171.60642700787506,0.26565736348125973,0,Yes,2,High
3600.0,8,168,172.61759207736475,0.1328430668278378,3,No,9,Low
4173.0,5,190,52.25915552861303,0.8715835730784398,3,Yes,6,Medium
9152.0,5,19,83.6492398368587,0.5756520586850522,4,No,6,Low
1330.0,5,5,,0.3949833014983465,2,No,2,High
4495.0,27,99,42.07702534890764,0.36061929645706725,2,No,9,High
6151.0,5,141,139.88126425892347,0.5902266668028278,3,Yes,1,Medium
1576.0,3,155,127.399894096816,0.39401633961095417,7,No,6,Low
2123.0,38,184,57.55251393458225,0.8773461775093132,3,Yes,8,Medium
2696.0,30,158,59.96505942251201,0.2898616915332197,0,No,2,Medium
7940.0,1,192,192.2471931100722,0.8940716122715674,4,Yes,3,High
7221.0,8,22,191.24763116384,0.6976832077030862,3,Yes,7,Low
2530.0,13,109,121.49578202115522,0.9609662984094731,5,No,1,Low
8054.0,20,190,30.689783707918167,0.1135965174721241,6,Yes,5,High
7043.0,6,69,162.8428934852945,0.15318600914004085,3,No,6,High
633.0,48,81,30.478235261165025,0.5508051345429159,3,No,7,Low
1356.0,8,120,135.759951265326,0.9211409470288435,3,No,7,Medium
1757.0,30,73,19.036886292994964,0.7577154563771306,4,No,3,Medium
9444.0,49,146,100.3809251693287,0.6599223392674,1,Yes,7,Low
1852.0,40,178,144.2490391451195,0.1284419400941654,4,No,1,Medium
,15,79,-41.267920551571706,0.4187474095713484,4,Yes,4,Medium
6813.0,10,164,73.58104447743185,0.41126760361257153,5,No,7,High
3078.0,33,55,,0.5878771140339152,2,Yes,7,Medium
4432.0,9,19,82.79097767455046,,2,No,4,High
3753.0,49,185,66.44627122867325,0.34044014365998404,2,Yes,1,Medium
3113.0,33,73,93.32622653287225,0.6587747200690834,4,No,8,Low
,9,19,151.8761911568434,0.9501107889827409,1,No,4,High
7752.0,14,34,168.44774534894628,0.6941611932730257,4,No,2,Low
,32,82,135.25105823368423,0.7013171115829316,0,Yes,4,High
4966.0,37,156,177.6680630607184,0.987593332049304,7,No,8,Medium
1864.0,6,39,73.2609714524617,0.2381303503628111,2,No,8,Low
1222.0,5,73,129.83923285972102,0.13045129678032438,6,Yes,5,High
3930.0,4,144,49.057672960693466,0.7709625556716684,0,Yes,2,Low
6800.0,48,50,246.55622242189241,0.4949086898708849,2,No,7,Low
3058.0,16,130,105.00735313474699,0.48594101927680566,5,Yes,3,Medium
9714.0,10,168,140.20534655194083,0.3027730387267291,3,Yes,6,High
1640.0,31,89,11.876754613268304,0.5561767364671347,2,No,9,Medium
8814.0,31,52,139.06672729560557,0.49795510935238596,3,Yes,5,Low
5567.0,14,71,105.68496195148836,0.41090500706169575,2,Yes,9,High
,13,186,123.20524500970282,0.49847064340457703,4,Yes,4,Low
5770.0,4,93,100.67860910123254,0.4454512936506009,2,No,9,Low
1838.0,46,168,94.01014162746455,,3,Yes,1,High
4289.0,26,56,84.59257128870411,0.9822264917282518,2,No,4,Low
2633.0,24,26,95.51712110446414,0.8559108392605786,2,No,1,High
5369.0,9,170,173.4137629228644,0.9913726819109124,6,Yes,9,High
8790.0,35,103,81.63083552892265,0.339147486126262,4,No,8,High
2518.0,42,194,212.93918767597592,0.8586325989270457,1,No,8,Low
5176.0,15,197,,0.46596611071235894,5,No,7,Medium
584.0,24,135,169.99835148802367,0.771522757999978,2,No,9,Low
764.0,31,92,157.19630528776295,0.28125337656742594,1,Yes,3,Low
3554.0,19,140,21.82815593867474,0.8307604807671766,1,No,7,High
727.0,2,122,32.40661662838963,0.17511798354122757,1,No,6,Medium
,2,43,66.08846133963864,,0,No,5,High
9023.0,41,22,22.81581473443876,0.83975735516244,3,Yes,9,Low
4387.0,36,109,79.34689070000994,0.7724432996396663,4,Yes,4,Medium
9536.0,37,135,101.40589777992439,0.5511220794921603,4,No,3,High
5266.0,34,150,132.43047333944648,0.705513496861188,8,No,3,Low
3974.0,39,84,109.02882072888394,0.2670166220463367,2,Yes,2,Low
9431.0,19,121,100.26198923036301,0.7009872601116519,1,Yes,1,Medium
4640.0,38,5,151.187064502653,0.10717855060734328,4,Yes,3,Low
7576.0,23,121,144.49415877091917,0.8498942806433555,3,No,8,Low
807.0,16,132,195.39206232221966,0.5646588471990492,5,Yes,6,Low
8724.0,46,30,109.33119220437477,0.9494906064486236,2,Yes,2,Low
8764.0,44,184,-20.548909927384145,0.5303478405905037,4,No,8,Medium
147.0,6,16,121.35993088288406,0.48977855409370696,1,No,5,Low
2014.0,26,42,213.45156068334944,0.5050475311580327,6,Yes,4,Low
1205.0,22,89,151.29930469405963,0.42375575824776646,4,No,1,Low
3280.0,45,173,162.76500347269132,0.2500075754583886,5,No,1,Medium
8649.0,47,57,,0.8578564542509551,3,No,4,Medium
667.0,24,17,145.6568324463246,0.4501768669824654,2,Yes,9,High
8771.0,46,132,165.39642661790674,0.5761975853699727,2,No,6,Medium
966.0,40,80,83.2874842523543,0.11789822481709279,1,No,1,Low
1128.0,21,17,74.96085251667621,0.15422848544259918,4,No,8,Medium
1913.0,30,150,122.73515310130036,0.63746490653006,3,No,9,Medium
3828.0,11,151,148.46307651357355,0.8913052742622479,2,No,2,Medium
5613.0,9,151,-37.76845156307087,0.5440562452234671,2,No,6,Low
3626.0,12,52,90.26103165121347,0.248477122544557,1,No,7,High
4903.0,26,75,2.3272875217161584,0.20451458292937202,1,No,1,High
6669.0,38,160,93.87113855887517,0.9098092012536315,1,No,5,High
1150.0,3,96,,0.7314740686137313,5,Yes,5,High
8418.0,33,151,68.79908204007837,0.9695759990603114,1,No,3,Medium
6378.0,15,90,85.69578620643018,0.17411375920950967,3,No,2,High
1752.0,47,87,133.09678840138403,,1,No,1,Medium
,5,52,149.68926668210824,0.8610690812741343,2,No,6,Medium
4808.0,24,33,147.80833165304267,0.9038666646317384,1,No,7,High
9576.0,11,180,101.86589757544084,0.10518666094642559,2,No,2,Low
5418.0,33,23,128.52334203087156,0.7677131324744753,4,Yes,2,High
5959.0,23,103,126.32916634251005,,2,No,5,High
6715.0,10,51,64.81271489019228,0.6158614903825778,2,No,5,Medium
8470.0,43,93,12.447731407645406,0.5222817886174801,2,Yes,3,Medium
6693.0,28,64,55.14878640365868,0.7684092259733973,0,Yes,3,High
3695.0,39,180,,0.9998553614287642,3,Yes,1,High
5010.0,17,152,210.66065925936985,0.7394845233467471,1,No,3,Low
3354.0,44,151,95.44907968731121,0.7102453744353906,5,No,9,Low
4553.0,26,46,170.00900237840952,0.6889939441120728,2,No,2,Low
2523.0,25,81,85.13009127431732,0.7256905028626218,3,No,1,Medium
8208.0,36,80,117.45165578576308,0.40790122068774926,2,No,9,Low
4897.0,12,181,69.28975141262654,0.3881977692997769,0,No,5,Medium
7081.0,3,147,150.72742689988152,0.8059041804434557,3,Yes,8,Medium
8037.0,29,192,68.06920567033426,0.147779215617669,3,No,4,High
6781.0,44,72,55.36932504795718,0.7833229643830455,3,No,8,Low
,24,83,102.3375494153421,0.8324574266526117,3,Yes,5,High
4277.0,19,159,140.83832093951594,0.569438163627641,4,No,6,High
3529.0,13,79,108.18265559541777,0.9191332858717137,0,Yes,6,Medium
284.0,16,187,76.54866325172652,0.5257786934324661,4,Yes,6,Low
3233.0,40,91,55.016093919170665,0.26027800128626,6,Yes,2,High
5078.0,27,19,15.655413892090621,0.42525878383600557,3,Yes,9,Medium
8798.0,6,184,77.18734563566986,0.9152807553379776,2,No,7,High
6237.0,42,163,92.35430821005305,0.9943644594919483,1,No,3,Low
2032.0,10,94,127.69802792825342,0.4796685702905351,3,No,2,Medium
6274.0,38,11,,0.2501618910342921,7,No,4,Low
5512.0,8,17,133.40937998684507,0.35769635221072404,4,No,8,High
1296.0,18,186,70.2920785795807,0.5979667082625676,2,No,9,Medium
5347.0,32,17,74.31147025590833,0.6148863264494319,3,Yes,2,High
4281.0,17,152,162.4359883316252,0.667053466024222,1,Yes,6,High
1438.0,42,14,-23.867420313574144,0.8518180353152922,3,Yes,8,Low
6271.0,2,128,38.6585530393872,0.7400927365192249,4,Yes,3,Medium
2720.0,44,184,102.28227791782948,0.33475620385225624,3,Yes,9,High
6646.0,20,169,99.75145021406694,0.45553965462640034,2,No,4,Low
8974.0,10,184,14.900774468221556,0.8558349254236122,3,No,5,Low
6031.0,9,130,75.28964755699724,0.6700444035451399,2,Yes,7,Medium
,48,31,147.90075918663499,0.24977624342025118,5,Yes,5,High
9709.0,39,166,41.858478314781934,0.39298492367228666,5,No,4,Medium
118.0,41,104,154.03761384491796,,3,No,4,Medium
6071.0,25,194,64.1919871465854,0.25488471099104254,2,No,5,High
564.0,25,20,6.353797015793461,0.7219455874487015,5,No,3,Medium
8982.0,24,63,140.9542759619826,0.6071828826084158,3,No,9,Medium
9302.0,6,25,112.53458878874767,0.23272741576103062,3,Yes,2,Medium
5410.0,30,20,26.70316871880668,0.7199910316278427,2,Yes,7,Low
8179.0,10,17,72.86105102562905,0.22811407358965274,2,Yes,4,High
4120.0,39,37,186.24815408519015,0.4585920211987131,1,No,8,Medium
262.0,31,186,132.9176171222225,0.3777039320720683,3,Yes,7,Low
9927.0,18,73,155.7693029632614,0.7210089574182618,3,Yes,8,Low
394.0,43,159,43.084116578772246,,2,Yes,4,Medium
8870.0,33,56,161.26392258334934,0.25148492376032217,3,No,2,High
7340.0,19,69,28.802349509013652,0.8307970683390475,3,No,7,Low
6944.0,23,48,30.3840399323998,0.10649265039510204,4,No,9,Medium
1685.0,5,162,141.75596567424265,0.5770526926082797,2,No,6,High
3480.0,26,155,33.445978552532324,0.5651100008872065,6,Yes,7,High
5527.0,29,83,175.87804772610644,,3,Yes,6,Medium
6912.0,24,20,37.37950610583086,0.3157304773012075,2,No,2,Low
,6,187,,0.10887114693718129,2,No,9,High
9133.0,39,22,157.65857817753707,0.5092866245272595,2,No,5,High
6443.0,4,21,68.96239451155556,0.16426559013242908,3,Yes,3,High
3031.0,48,56,139.75774122525354,0.9029744981261814,1,No,4,High
7141.0,42,177,44.33068180352182,0.2562996931202561,2,Yes,4,Low
5799.0,26,60,86.16996302372267,0.48270967074879456,3,No,9,Low
8737.0,15,97,137.04324581284135,0.4906003512163454,5,No,5,Medium
8371.0,13,186,57.713794102327874,0.5975781830543843,1,No,2,Medium
4940.0,40,13,151.1363422678998,0.8042791138933575,4,Yes,6,Low
7736.0,22,149,81.98572462093608,0.5249333354579017,6,No,7,Medium
1960.0,13,31,106.00455840623286,0.1231779404984258,0,Yes,8,High
5661.0,39,41,49.866873923411426,0.7939993700575806,3,Yes,5,Low
1030.0,17,26,61.48191288803785,0.17395598315880234,3,No,8,High
2034.0,36,76,57.79288223833986,0.6773979630329777,0,Yes,8,Low
4467.0,39,199,69.55133649901359,0.8230865577867059,4,No,4,Low
2271.0,48,170,177.31015259239302,0.3544211552329394,4,No,7,Medium
3394.0,25,103,156.0394957299788,0.5041958335156281,2,No,9,Low
4847.0,34,76,122.58997888443645,0.11290225796723496,2,No,4,Medium
4492.0,21,176,67.06908821301649,0.8234876796308969,5,Yes,9,Low
,25,127,57.896052269560336,0.7329349809287373,1,Yes,4,High
2934.0,25,95,51.51928539911164,0.30824865494905873,5,No,1,High
9946.0,22,40,84.80831312827507,0.4512035780792104,1,No,4,High
7216.0,23,102,114.0064607283743,0.7257848516210003,4,Yes,2,High
3028.0,25,157,130.71357788042656,0.42234680966608606,3,Yes,6,High
7525.0,14,46,100.72040832910454,0.24617329800192983,4,Yes,8,High
5850.0,14,115,128.27240603339345,0.5666549759901174,4,Yes,6,Low
6594.0,26,17,146.79756524103212,0.7512108132577958,0,No,9,Medium
1772.0,40,188,81.4121966244636,0.38872855630265124,0,Yes,6,Low
8290.0,30,83,154.91900702545053,0.20959504448001204,2,Yes,7,High
7544.0,26,122,,0.846589745630779,5,No,5,High
4450.0,38,183,129.319095847928,0.3275216798024108,2,No,8,Low
1387.0,22,182,101.59820456246933,0.5615334586959458,2,Yes,2,Medium
6710.0,39,56,,0.7222088345403187,2,No,2,Medium
9350.0,39,165,81.60992657437937,0.38536768035479874,2,Yes,8,Medium
8893.0,34,99,162.36605442037757,0.6837728836351765,4,No,6,Medium
,25,157,,0.5137385557973755,5,Yes,2,High
5287.0,36,116,169.37291134251575,0.6133929896114615,4,No,6,High
230.0,13,62,169.7016033134615,0.6315184932552484,2,Yes,8,Medium
8144.0,29,172,122.55560438214096,0.8417356182071976,4,No,6,Low
8402.0,42,91,84.35816913405938,0.6906936460918028,3,Yes,9,Low
2834.0,9,170,58.11133021234946,0.33787602296596947,1,No,6,High
9122.0,15,7,0.2813851632416515,,5,No,3,Low
8957.0,31,120,126.99390593521859,0.10178698966761947,2,No,9,High
1166.0,44,20,44.42524751615257,0.9139756462902959,4,No,5,High
5070.0,27,134,51.42583886455957,0.9478990466219857,2,No,6,Medium
,31,27,127.55039159168038,0.18470033889820114,1,Yes,4,Medium
1417.0,10,102,78.5057499716294,0.5383482564540233,3,No,3,Medium
384.0,37,162,,0.23643568311448102,1,No,5,Medium
7066.0,7,14,123.0291330791885,0.9538741780336761,0,Yes,3,Medium
7894.0,32,69,,0.32214926514027137,0,Yes,2,Medium
4214.0,11,26,109.92868358967014,0.551482386037299,3,No,6,Low
147.0,48,56,72.51926732465982,,5,No,8,Medium
6238.0,45,115,96.24608782983704,0.3994849760527561,2,No,3,Medium
4961.0,28,188,71.10656952400956,0.3401257248344628,4,Yes,6,High
3359.0,4,165,193.98772919257766,0.527883438674967,2,No,9,High
7942.0,48,84,118.6116797240456,0.47780376581993367,4,Yes,1,Medium
3515.0,45,162,129.23338395751236,0.3977180151403378,2,Yes,3,High
6550.0,31,156,167.62509546149423,0.1952898558835709,3,Yes,2,Low
8859.0,29,137,57.617515385293174,0.5360383198062534,7,No,8,Low
6264.0,33,57,28.67556470685672,,5,No,9,Low
7887.0,4,187,98.86296103141272,0.7572010029270094,3,No,6,Low
4165.0,47,27,28.816058889326186,0.7485173957464025,0,No,3,Medium
181.0,26,110,79.4447205200367,0.4294825630707778,1,Yes,8,Low
3105.0,31,95,-8.945640383187566,0.7375771726138463,3,No,7,Low
8508.0,31,123,32.41589822120373,0.5189783332599268,3,Yes,2,Low
434.0,27,142,161.14650123090166,0.23524848175435237,1,No,7,Low
8850.0,25,124,120.23184389881207,0.4771447749802459,3,Yes,1,High
9165.0,48,165,189.88257410031818,0.21946476792843772,1,No,8,Low
9044.0,36,97,98.44309651653445,0.2030345370158823,2,No,5,Low
8885.0,49,66,96.52338964783151,0.12075337761184966,2,Yes,9,High
7168.0,31,86,110.77373077643317,0.3545688708724749,3,No,3,High
9970.0,43,159,279.434064234949,0.39778730581775035,4,No,7,Medium
3997.0,37,11,152.63023683761435,0.7294993416446434,6,Yes,8,High
8058.0,45,104,57.9697692980928,0.5842043063963053,2,Yes,1,High
8201.0,44,159,120.36710750135174,0.8726047408479808,3,Yes,6,High
4748.0,23,78,107.62828582646767,,1,Yes,2,Low
9774.0,35,142,136.0452511676333,0.33936098127383263,4,No,8,Medium
882.0,4,61,193.66100066386534,0.9469685000290742,6,No,6,Medium
3686.0,28,34,129.3887792455253,0.49964072300183293,2,Yes,3,Low
3894.0,42,7,81.46203284257335,0.8101458487437901,2,No,4,Medium
9275.0,41,161,193.21744594488734,0.5429508837845403,2,No,7,Low
5697.0,42,18,34.706335024494905,0.5239770913231728,2,Yes,9,High
7150.0,13,81,86.44203338707612,0.23330465922667815,5,Yes,2,Low
5151.0,1,87,145.07292794895244,0.8660796498537275,3,No,9,Low
842.0,12,157,60.474864207904155,0.17051975249287116,4,No,6,High
4644.0,43,142,97.41123786159068,0.37923498518773735,5,Yes,2,High
4455.0,40,83,64.93383291092354,0.7061212645481615,6,Yes,8,Medium
3708.0,26,181,98.08302423594067,0.5565317957272269,5,Yes,4,Low
3371.0,46,42,65.02005126559247,0.8932404942743826,1,No,8,High
2610.0,46,146,103.95223864476888,0.13536815750912434,5,Yes,7,Medium
,23,162,83.5188738407014,0.6844667675497572,2,Yes,7,Low
6155.0,49,44,166.3620635903539,0.5297189235644124,2,No,7,High
1475.0,22,144,119.27498078768654,0.23888064112088586,2,Yes,2,High
9423.0,28,146,136.90648955296234,0.7689267164013341,3,Yes,8,Low
2616.0,17,133,107.21551031810891,,4,Yes,2,High
6338.0,6,72,78.27890720562095,0.5784237138130152,2,No,3,Low
190.0,14,53,116.74003196741396,0.9705394597267974,3,No,7,Low
1579.0,17,22,110.13964033094443,0.5376070729226697,2,Yes,7,Low
1054.0,38,168,-21.07063191567802,0.8410355790027785,5,No,7,High
8314.0,5,68,101.67765295734316,0.7926197710071199,2,Yes,4,High
3405.0,13,100,133.59808322831128,0.6964791323624191,7,No,5,Low
1821.0,48,32,64.19504580774124,0.9071309290153002,2,No,7,Medium
9732.0,9,164,143.37602473849614,0.3264414822434628,5,Yes,8,Low
5552.0,44,29,117.77958453134485,0.8386941083208969,4,Yes,3,Low
2647.0,42,179,80.16094066303047,0.44000873955760833,5,No,6,Low
5023.0,26,152,,0.8312418010730992,2,No,9,Medium
288.0,13,165,81.57039905056331,0.54440981609096,7,No,5,High
559.0,19,34,113.83990696525869,0.8719383276489122,6,No,4,High
2336.0,48,169,87.00391945664526,0.9053591839236876,3,Yes,9,Low
4546.0,17,185,127.45026255572328,0.6378794881157039,4,No,4,Low
680.0,16,106,167.34123701327496,0.5568642611481205,6,Yes,3,High
2261.0,30,121,78.19405253898829,0.8049521289991007,3,Yes,7,Low
4815.0,32,110,145.11134159250912,0.340287582861256,3,No,5,High
9823.0,14,78,85.0518866891405,0.11381381312402299,4,No,1,Medium
9660.0,48,73,85.44387316463184,0.4663851244792926,3,No,8,Low
,15,12,80.23677667756832,0.5569967196070992,7,Yes,1,High
,12,127,15.599664770297537,0.3675364474948809,4,Yes,9,High
,37,101,125.01781594344553,0.4450256935639907,6,No,1,Medium
958.0,11,105,114.20232556092014,0.21975240962448517,4,No,4,Low
2540.0,5,5,108.14751972022815,0.34956091303101466,5,No,4,Medium
1812.0,11,99,177.72602034830896,0.31608581312311623,7,Yes,9,High
615.0,34,11,,0.3708881684440931,3,Yes,1,High
7455.0,19,66,165.39740307239242,,2,No,9,Medium
1475.0,26,115,88.23358009425193,0.6030715339428521,3,Yes,4,Medium
6784.0,26,91,,0.32553724617646546,3,Yes,7,Medium
3769.0,17,190,49.09213248962773,0.9468651370058997,3,Yes,9,Low
2490.0,31,91,103.09183845421666,0.5601473473270014,4,Yes,7,High
3362.0,19,127,100.41266856062656,0.2160694057687907,2,No,2,Low
4738.0,44,12,126.92224478561302,0.35164564347185556,2,No,6,Low
2966.0,20,68,46.55767963205927,0.7567817465220886,0,No,6,Medium
7948.0,23,140,81.28693754333786,0.11229313454265472,2,Yes,3,Low
,25,135,15.252720628831199,0.9440361875772559,5,No,4,Low
9048.0,28,131,64.19806349323107,0.5006592295532255,3,No,6,Medium
3595.0,37,190,144.6317280567446,0.5689711206558971,3,Yes,6,Medium
6594.0,12,131,44.928753242365225,0.9895710122555752,2,Yes,1,Medium
287.0,48,164,187.19890842605787,0.5530627773993985,3,Yes,8,High
,1,120,150.4451240193555,0.9529695950157753,2,No,9,High
8193.0,2,53,125.06205759114819,0.9237080042138388,5,No,2,Low
2814.0,10,170,166.6768065054985,0.9471839757995915,2,Yes,4,Low
7508.0,34,134,93.9483116770508,0.8311357517431275,4,No,6,High
395.0,32,131,63.12377594735337,0.3667582761019581,2,No,2,Low
3633.0,25,141,95.20288380347803,0.41174423540738336,1,Yes,7,Medium
4240.0,10,50,14.057737638055016,0.4284856613625768,2,Yes,6,High
4142.0,1,69,159.53690487483243,0.9812627556509756,1,No,8,Low
4370.0,32,181,82.55557110105892,0.4246799535749338,3,No,7,Low
3151.0,37,161,62.23966145208745,0.19782037829654245,2,Yes,1,Low
5565.0,12,94,68.02275213299049,0.8004960051716364,0,Yes,5,High
7833.0,49,33,100.82882190941557,0.42945696242384734,1,Yes,6,High
6105.0,18,37,105.98115103975599,0.6588423205532591,5,Yes,7,High
5970.0,30,32,92.69479717420833,0.9319243710375703,2,No,4,Medium
4004.0,13,99,92.47251942762222,0.6179550191002399,1,No,9,Low
2361.0,3,87,127.48796758340077,0.6739301605220992,0,No,1,Low
9814.0,21,116,45.066212343874476,0.6785763080186225,1,No,3,Medium
,42,158,111.25957106096442,0.6511592671826637,4,No,2,High
6793.0,14,118,84.10685538708678,0.2437924397328587,2,Yes,2,High
8396.0,40,33,0.10060136412106147,0.5107738732738799,5,Yes,1,High
578.0,10,143,45.83483817106055,0.10689761797935261,3,Yes,3,Medium
,2,106,60.40095708007029,,5,Yes,5,Low
6677.0,45,166,183.51965525539327,0.617822465523615,3,No,6,Medium
6885.0,37,108,122.62520276176139,0.386323497316739,4,No,8,Low
8984.0,11,52,113.54947104343053,0.5715059528531834,3,Yes,4,Low
3138.0,1,159,75.65141174799552,0.5437520037172691,2,No,1,Low
293.0,26,128,74.38257097883543,0.32582369434802605,2,Yes,9,Medium
9781.0,42,172,40.856010793463646,0.3639587932833337,2,No,3,High
158.0,13,163,83.679533351664,0.7862868969658756,4,No,8,High
1986.0,28,197,168.78046844761,0.780159087263556,4,No,4,Medium
4673.0,36,171,34.09413352158691,0.5228039352158581,2,No,3,Low
5322.0,21,115,70.67860141931584,0.7457580571743816,1,No,3,Medium
2680.0,10,28,146.30935324478085,0.5057211522078425,4,No,4,High
4744.0,12,27,146.1737237610578,0.8662366314065189,2,No,4,Medium
7723.0,46,193,63.97297378500116,,1,Yes,7,Low
320.0,27,159,,0.9345632498608609,4,Yes,2,High
975.0,3,20,78.26515214485727,0.5880552855082039,3,No,8,Low
1296.0,28,177,,0.5821190749717757,2,Yes,2,Medium
2809.0,2,31,174.91559955031582,0.7037293458934393,4,Yes,1,Low
2831.0,28,137,104.59803406796495,0.406770409733216,3,Yes,8,Medium
435.0,31,191,91.60692690908442,0.7518966138164209,4,Yes,4,High
8516.0,43,39,108.74148673863017,0.38838259237070794,5,Yes,6,High
7114.0,21,178,51.503790204457566,0.45778494696290706,4,No,1,High
,7,60,71.90482062089791,0.707233093113751,2,No,3,Low
8280.0,31,131,171.84509146665667,0.4406041911712433,3,No,7,Medium
4057.0,14,156,192.95663303357003,0.27997671041925465,1,Yes,7,Medium
7211.0,39,142,44.34149439974365,,1,Yes,8,Medium
4689.0,39,42,80.53207136743195,0.9299398427144975,1,No,2,Low
1986.0,9,180,100.21941308762361,0.6640579448267037,7,Yes,7,Medium
410.0,23,13,110.03469326297363,0.8300356940780681,1,No,4,High
1704.0,12,182,52.48071740615081,0.9879871192972777,2,No,6,Medium
5759.0,29,73,132.52202516261065,0.6532972766378432,2,Yes,4,Low
4082.0,38,180,136.29945021790687,0.9179133789250121,4,Yes,9,High
8660.0,39,171,142.51558916653923,0.42332927474831294,0,Yes,1,High
3646.0,22,9,137.6232079534003,0.7304251922984675,1,No,1,Low
4941.0,4,88,104.06163202746637,0.15022491966716173,3,No,5,High
6274.0,48,143,149.52779312900708,0.8100744000491303,2,No,5,Medium
5451.0,7,64,127.20331314391069,0.8468228302566106,3,No,8,Low
8117.0,40,159,,0.4610578928265927,2,Yes,7,Medium
1097.0,8,139,26.15786052078117,0.6750595142895967,3,No,3,Low
596.0,35,192,115.42873797094869,0.8725249921531227,4,Yes,8,Low
5785.0,9,182,164.2909238481398,0.8952473480581452,5,No,4,Low
1063.0,13,71,122.30227280281684,0.19587837188494087,0,No,3,Medium
1298.0,39,73,,0.8447389718796077,4,No,2,Low
6010.0,20,187,47.045530170994454,0.34681901673349025,4,No,9,High
5584.0,21,81,103.36715099221949,0.7545762067039691,3,No,7,Medium
676.0,47,148,157.10532986493794,0.3926477381432998,1,No,5,Low
3260.0,19,122,122.29057526707332,0.15069670356751944,1,Yes,9,Low
153.0,2,16,105.23211609243297,0.28888363886599683,7,No,3,Medium
328.0,44,31,129.7062712037421,0.4678045982443756,1,Yes,6,High
9070.0,40,165,111.32706285548898,,4,Yes,8,High
1084.0,30,89,158.7269199129942,0.19063326458112184,1,No,9,Low
8760.0,23,112,111.28937739789045,0.8316407124101438,1,No,4,Low
2567.0,40,59,98.46262245095471,0.9972559827661696,3,No,1,High
631.0,13,56,47.63190018193948,0.8094318788612128,2,Yes,8,Low
8128.0,33,41,160.7195921911726,0.5263628680259933,4,Yes,3,High
661.0,32,117,52.97904864732333,0.6113441897613517,4,Yes,6,High
189.0,28,124,111.87391812131928,0.10554445747240711,3,Yes,4,High
5835.0,24,19,140.04780322100277,0.2883464540698577,4,No,6,High
9698.0,42,88,189.46679143166418,0.9090893183140408,2,Yes,3,Low
3245.0,28,87,111.33147101862036,0.11955646246166729,6,Yes,7,Medium
1392.0,30,69,169.56461064378215,0.9143154576072837,1,Yes,2,Medium
4210.0,41,7,101.36931940360756,0.20192734731535067,1,Yes,5,High
7596.0,29,109,71.97865888917262,0.21976671696295086,3,No,3,Low
7659.0,34,137,238.32108197577747,0.25781491977123017,1,No,5,Medium
3881.0,22,141,39.095671194403806,0.8194467924596767,3,No,3,Medium
4167.0,25,133,246.0662186457801,0.5303679178081415,1,No,9,High
3605.0,14,34,181.41834601398295,0.23067696720703815,3,No,8,High
2491.0,10,75,71.25987795506182,0.7181216376987924,3,Yes,2,Low
1318.0,10,152,132.49240265276893,0.9466195296931996,1,Yes,8,Medium
5255.0,8,97,30.112289567544437,0.6152063268227247,1,Yes,8,High
2352.0,14,31,129.65161510142917,0.18883000514848464,3,Yes,3,High
3991.0,45,67,116.10497539153256,0.14927554555978584,3,Yes,5,Low
9966.0,38,85,,0.8162851238881846,2,No,2,High
875.0,32,35,79.80109951414227,0.6634752871369914,2,Yes,6,High
5329.0,45,151,107.95122706944989,0.9303916052121413,2,No,2,High
8516.0,32,118,123.81373361889655,0.5925251359431891,3,No,4,High
7653.0,3,106,,0.15615586291874806,3,No,3,High
163.0,20,97,170.30476760009444,0.4633181649987852,4,Yes,1,Low
1887.0,13,194,106.50692639796289,0.692191619732276,3,Yes,8,High
7191.0,23,139,117.21869860562137,0.44639681584353674,3,Yes,8,Medium
5156.0,19,169,58.361106111532486,0.9996322570662097,2,No,1,High
8169.0,16,75,17.43292522890006,0.46484075230637056,1,No,6,High
9667.0,36,90,32.68295991021526,0.5916125138027951,1,Yes,1,Medium
4015.0,35,140,129.8157244114185,0.3028528293613115,2,No,9,Medium
192.0,47,189,60.48546012851667,0.23692438387197257,3,No,1,High
,47,32,136.4438854854733,0.6807749847069258,5,No,3,Low
5608.0,7,86,182.73707730592741,0.6297514722241139,6,Yes,9,Medium
5830.0,37,99,138.54882597992338,0.10390497166565583,3,No,1,Low
3964.0,8,21,121.31553216967185,0.3563033813179679,2,Yes,2,High
5036.0,25,143,132.78411377372205,,4,Yes,4,High
1501.0,23,147,155.20118087332295,0.8310244111592047,1,No,7,Medium
1706.0,10,162,115.58595780613678,0.3811317877358599,4,No,8,Medium
997.0,30,99,133.18474792099389,0.6826927323599684,3,No,1,Low
4687.0,33,125,71.72921938396752,0.33873213713576156,2,Yes,1,High
3813.0,11,10,,0.7213419051663126,3,Yes,5,Medium
3231.0,35,16,74.71033858986777,0.7281531987962162,6,No,8,Medium
1632.0,27,91,83.68213053421908,0.21720111896763106,3,No,1,Medium
6635.0,3,193,81.64174545037386,0.6985808055793045,0,Yes,3,Low
7386.0,47,107,157.3321263762197,0.4002104635123327,2,No,6,High
1898.0,49,108,-35.78818705412695,0.2553354384333647,3,Yes,1,Medium
8262.0,8,168,89.31338757392186,0.5503251094963968,5,No,3,Medium
1451.0,13,39,137.16402483998132,0.5070670155178492,3,No,1,Medium
7151.0,42,71,135.3381564948992,0.7964873299557973,2,No,4,High
6958.0,3,110,59.053363716766754,0.17606395824509669,5,Yes,9,Low
9955.0,20,96,186.93589084810316,0.8107779419486028,4,No,5,Low
698.0,46,67,30.81236143972889,0.1954741258983661,6,No,3,High
2144.0,45,87,82.5016432947721,0.2867131252711557,2,Yes,7,Low
358.0,35,172,84.5085758156784,0.564293906496704,7,Yes,6,Low
4671.0,13,86,84.00749173186821,0.516857140020182,3,Yes,9,Medium
8103.0,20,35,167.98502115889343,0.9899730772606433,2,Yes,4,Low
7068.0,24,41,100.79815115160079,0.6305263419361954,4,Yes,4,Medium
6276.0,9,137,115.9887737529023,0.39469203572222256,1,Yes,9,Low
7142.0,30,119,143.96586457443817,0.910133981689587,0,Yes,2,Medium
8679.0,25,125,68.02091329403757,0.38099346110425336,0,Yes,2,High
897.0,16,136,92.26350188976745,0.34639807166946107,4,No,9,High
5813.0,8,122,183.80339632349506,0.5449346156789735,2,No,7,Low
7411.0,44,158,118.91214653890407,0.9218573060257712,3,No,5,Medium
4120.0,28,156,45.251149980079184,0.7376628297329547,3,No,5,High
6011.0,12,171,,0.7097348939205974,5,Yes,9,High
4054.0,24,188,144.59664340137917,0.7534695385348866,5,Yes,5,Low
9919.0,49,186,43.5262923833019,0.6936765496982994,2,Yes,9,Medium
4412.0,29,42,76.35049547353539,0.7838167237011513,2,Yes,8,Medium
9080.0,15,114,110.16510983711512,0.27348581955622014,2,Yes,6,High
5739.0,18,186,100.68107533013524,0.25953245808544134,4,No,5,Low
6279.0,7,151,174.16087965514635,0.4259470094122635,5,No,5,High
6879.0,13,30,-22.53087028470513,0.8658638009162493,3,Yes,5,High
2156.0,19,131,124.09735862659014,0.7430087939470388,2,No,1,Low
9355.0,48,56,85.87085604816065,0.6098260085584922,4,Yes,5,Low
7202.0,43,122,165.85041042022198,0.11750269373030786,8,Yes,3,Low
6744.0,5,65,88.2186439234971,0.3122220555422799,3,No,6,Medium
5885.0,26,199,89.66753689533219,0.8231625482949091,2,No,9,Low
1547.0,2,154,99.79617068575672,,2,Yes,3,Low
614.0,33,149,66.94296737719296,0.7572611774718526,3,No,1,High
2013.0,48,143,70.45436639955261,0.2661708384368956,4,Yes,8,Low
2051.0,37,115,92.55221503111521,0.6457308023794227,5,Yes,9,Low
5670.0,25,171,,0.6653902300304515,1,No,4,High
9065.0,25,193,75.43250746445375,0.7767696031178335,1,Yes,5,Medium
428.0,39,53,65.6251312297972,0.49450816080607596,2,Yes,3,Low
9085.0,30,111,79.99259468045386,,3,No,8,High
9253.0,41,97,100.16980179462354,0.5382728098482564,5,Yes,3,Medium
6613.0,4,128,189.62222871319963,0.9526042408584816,3,Yes,4,Medium
,19,65,61.81073631172282,0.5696926543166567,4,No,7,Low
1510.0,27,144,224.95464746539432,0.28863809481536906,4,No,2,Medium
7814.0,47,145,122.6149676233843,0.7011032942247727,0,No,1,Low
1237.0,39,62,49.98369322174413,0.5936205953875722,0,Yes,4,Medium
4766.0,24,15,72.63724458306388,0.823446547498132,5,Yes,8,Medium
5257.0,37,196,3.1775122404902447,0.25922043783391924,4,No,1,Medium
1668.0,25,163,105.33409525891433,0.3348456424065144,4,No,3,Low
4572.0,29,143,152.57676328445297,0.9294661966579498,5,Yes,4,Medium
7666.0,31,126,101.55444901488315,0.9370235019216664,1,No,4,High
3374.0,45,109,140.1403699283773,0.49803108982740185,4,Yes,3,High
3373.0,35,175,121.42436405951162,0.1429760639065869,3,Yes,3,Medium
6343.0,28,40,160.5067244253221,0.3758995617633638,4,No,7,Low
3569.0,38,134,51.0131066441677,0.3224103889791503,3,Yes,8,High
6032.0,44,91,144.14411077043997,0.47320916679542957,4,No,4,Medium
6664.0,4,65,194.33879711942097,0.3860205569907288,6,Yes,8,High
5462.0,28,168,228.26495578320748,0.8460931094672088,2,Yes,8,High
4736.0,31,82,171.01630879541517,0.10273241721290864,3,Yes,6,High
5446.0,23,53,108.57357050328942,0.6801686681603484,6,No,1,High
1336.0,14,159,51.73633905890821,0.697843202640439,6,Yes,7,High
4308.0,28,144,59.16885105730242,0.6945639177601386,3,Yes,7,Medium
4568.0,14,190,91.34125038557723,0.5685352124631128,6,No,5,High
2446.0,1,10,192.99611937601586,0.6499936657988227,7,No,6,Medium
1142.0,43,48,73.48151462729592,0.8294448803833812,1,Yes,9,High
4866.0,32,179,108.97986154131847,0.8057771008195432,1,No,3,Low
4206.0,41,27,147.03818885064368,0.13116283946056936,3,Yes,4,Medium
8299.0,18,119,-64.28331020416596,0.127392882163578,6,Yes,9,Low
7420.0,5,102,46.82937395241419,0.8550503314934421,5,Yes,2,Low
,42,112,197.6585601206748,0.6172567187775065,3,Yes,9,High
9865.0,15,100,152.14512242228503,0.961684601742273,1,Yes,5,High
7402.0,42,30,152.48222700995245,0.4884324372248282,2,Yes,3,High
,16,139,53.02527778629502,0.25906763925616944,2,No,8,High
560.0,36,164,172.57507929850533,0.5259114211490282,4,Yes,9,High
2402.0,36,37,,0.4928898771653708,3,Yes,1,Low
2733.0,40,86,104.57739284709042,0.5654596432946647,1,No,5,Low
,30,152,134.73462168442074,0.8271525104892549,4,Yes,9,High
461.0,38,99,141.64432875504562,0.6900255891430984,1,Yes,2,High
5593.0,23,184,,0.2667477946594373,1,Yes,1,Medium
7246.0,11,174,89.95352693941406,0.7610295307195551,3,Yes,8,Medium
887.0,25,133,7.620791775017537,0.6327065919505884,7,No,6,Low
308.0,45,195,104.11764025345694,0.6204796574839132,5,Yes,2,Low
8558.0,43,11,-8.42478478303667,0.7104311941920716,3,No,3,Low
5192.0,2,128,128.37896650923972,0.6075689127908785,2,No,5,High
653.0,35,62,51.06699103624535,0.511762362704284,3,No,1,Low
8125.0,47,90,92.02355767468767,0.6763422545326865,4,Yes,2,Low
9879.0,24,182,74.42336724757577,0.7513543625955176,1,Yes,1,Low
4616.0,13,38,128.30061534616146,0.30319024854807153,4,No,7,Medium
6551.0,42,55,60.494813962474836,0.5473449048143013,3,No,7,Low
9410.0,37,124,112.81058550638409,0.5123552169386113,4,Yes,5,Low
1613.0,30,142,109.2274352066128,0.13591294355015948,4,Yes,6,Medium
7525.0,11,115,103.28850268147829,0.8509947907816052,4,Yes,3,Low
5451.0,23,110,119.63378179118543,0.4396438215445819,4,Yes,2,High
6849.0,46,30,39.87565475668753,0.1654203098810879,3,Yes,9,Medium
7105.0,28,36,41.7055569861897,0.5121091873688333,2,No,2,Low
8512.0,29,128,171.67378596328663,0.2453327254824376,3,No,1,Medium
2444.0,15,174,23.006370364254764,0.7339729731711984,3,No,9,Low
7254.0,45,194,208.31739074698072,0.6145944176508864,2,Yes,8,Low
2071.0,3,16,93.11185985728723,0.34310242628014165,1,No,8,Medium
4538.0,9,172,57.47603075885013,0.9554264732358766,3,Yes,7,High
5424.0,8,91,143.05742712323973,0.36257081343002273,6,No,9,Medium
9183.0,47,82,,0.5994972162792287,2,Yes,3,High
5769.0,33,38,116.90984104065376,0.8214110418619442,3,No,8,High
5261.0,34,74,162.15407492611877,0.5625030681590392,4,No,1,Medium
1305.0,9,159,135.66276030531952,0.9647701081977565,2,Yes,1,Low
9510.0,17,12,,0.859469110281563,0,Yes,6,High
1955.0,41,179,132.73157175378836,0.9289171126008063,3,No,8,Medium
2099.0,1,85,102.00369886241288,0.4354323253789951,1,No,8,Low
2535.0,40,30,140.55473238442596,0.5935198756701328,3,Yes,1,Low
6880.0,5,61,46.36108369524179,0.8561496659440605,2,Yes,1,Low
3198.0,30,139,172.95580224538162,0.9131500308724713,4,Yes,9,Medium
3486.0,11,30,92.18967224147127,0.9499272201716693,5,No,9,Medium
5540.0,28,191,108.85909147170813,0.8912367939517802,4,No,7,Low
6536.0,38,118,84.32244796790313,,5,Yes,1,Low
1877.0,17,122,130.30554189739792,0.12179332497873702,4,No,2,Low
7503.0,23,120,152.70617992412406,,3,Yes,8,Low
6958.0,18,51,50.396523331816496,0.21604265640408743,0,No,8,Medium
3039.0,37,106,96.53586802907176,0.23928274120613346,2,Yes,5,Low
938.0,27,128,108.49277127088371,0.3618164686446028,5,Yes,2,High
5825.0,25,167,121.81616984566243,0.16726641146969734,6,No,3,High
4859.0,5,162,85.422044019353,0.318728631091794,2,Yes,5,Medium
4960.0,19,182,78.40208062836683,0.9612809528852269,4,Yes,3,High
3238.0,27,28,144.305109176536,0.3807492207293762,3,No,1,High
275.0,13,34,125.43189538344393,0.24374176293162123,3,No,6,High
4705.0,7,58,110.77323638910171,0.7464701623778269,3,No,5,Medium
3262.0,26,71,162.47026436587444,0.8456546350470248,3,No,3,High
2852.0,14,36,33.113617758670344,0.38263406463683514,5,Yes,9,Low
9481.0,27,12,139.92263430672767,0.3506475795205338,1,Yes,8,High
937.0,8,182,118.68138098122257,0.31758359311453016,4,Yes,7,High
7945.0,31,179,27.253994921334638,0.45393511515973606,1,Yes,2,High
2833.0,35,50,158.31635908703095,0.17850858205500264,3,Yes,5,Low
7788.0,27,84,129.49316421965236,0.7022163039005856,1,No,5,Medium
5306.0,4,39,136.1670905196953,0.840003692730813,2,No,6,Medium
,42,193,84.817211138511,0.6973140517652962,1,Yes,6,High
6240.0,4,93,138.1294663255549,0.4790797209037436,3,No,3,Low
,18,83,63.45303189648493,0.36006602260981535,2,No,4,High
3449.0,23,183,32.72910477764081,0.46850154806041633,1,No,1,Medium
3410.0,32,195,99.34723352564053,,2,No,1,Medium
4780.0,12,140,133.75045971043033,0.6994187456252564,2,No,5,Low
2486.0,20,38,150.74628024938045,0.9352543200855084,6,Yes,4,Low
5291.0,47,29,107.5345387631525,0.163527840503145,4,No,7,Medium
473.0,45,117,103.67668605244808,0.9580182335952598,1,Yes,7,Medium
4775.0,12,176,150.71602330220185,0.919181155205831,1,Yes,4,Medium
1361.0,8,87,83.30317789739325,0.20595907030859995,2,Yes,2,High
7733.0,22,47,71.8937765200345,0.26522652797680046,5,Yes,4,Medium
8412.0,27,130,180.91194066468205,0.38043604130223063,1,Yes,8,Medium
5632.0,41,182,86.11193050899043,0.6036994368686727,3,No,2,Low
5942.0,41,17,145.8306994077588,0.22102857647075197,6,Yes,5,Medium
3945.0,17,178,167.98151877781888,0.2803014579446983,3,Yes,7,Medium
2984.0,32,129,110.50030059770253,,7,Yes,6,Low
4238.0,33,80,113.1925989183209,0.1983705676938332,1,No,9,Medium
5723.0,31,91,189.89019817292078,0.45899043862540556,7,No,2,Low
2219.0,6,185,34.601386394053236,0.7867015998928378,6,No,4,Low
7816.0,39,195,33.753420307061106,0.8997248052016643,2,No,7,Low
590.0,9,108,140.77693665596394,0.40243830633701905,2,Yes,8,Low
3145.0,42,134,79.56222119087121,0.24799375482180958,1,Yes,5,Low
482.0,32,44,143.07475971534035,0.7633104931860054,2,Yes,5,Low
,36,27,97.17862860309556,0.7953019828058588,2,Yes,4,Low
5685.0,16,191,141.63860249232664,0.9820300996544898,2,Yes,9,Medium
9469.0,12,73,55.92694786916439,0.22558766629906385,0,No,4,High
2317.0,41,38,130.65610238032158,0.7384787944024159,3,Yes,3,Medium
9587.0,3,159,74.9517320791594,0.47556328396118974,3,No,9,Low
9209.0,27,59,136.0115363537634,0.9231664938107088,3,Yes,7,Low
7377.0,27,110,218.2298243402734,0.4670477959000472,4,No,9,Medium
6694.0,9,8,59.775363697798106,0.5013643380063995,4,No,4,High
6886.0,17,74,82.29560327075228,0.21411693836806076,5,No,3,Medium
6266.0,46,159,93.61287429374786,0.3888431065817919,2,Yes,8,Medium
2514.0,5,51,116.13755268636304,0.4607564233530558,2,No,4,Medium
750.0,26,118,-14.567518314302717,0.11575787894006584,2,Yes,3,High
8269.0,21,121,101.66195592106143,0.4938170215985461,3,Yes,4,Low
5015.0,1,122,89.07585154412922,0.4026866961405756,3,No,2,High
3298.0,1,172,89.4278906179294,0.8234557622204427,1,No,4,Medium
1041.0,35,159,114.72672364367602,0.19640135210121362,1,No,7,Medium
8832.0,9,11,117.70361726201352,0.7841900142306021,8,No,3,High
5905.0,23,155,116.92914552527021,0.7426103889490607,4,Yes,1,High
3827.0,38,196,46.14776153595774,0.31760409500479536,0,Yes,8,Low
2629.0,41,117,87.48035812107727,0.17494450150761742,5,Yes,6,Low
1302.0,4,102,85.38145046166193,0.8576501011801264,2,No,3,High
5064.0,19,33,126.3646693689768,0.3244870384704221,0,No,8,Low
750.0,37,193,51.69556159793844,0.23100410773638844,2,No,6,Medium
3106.0,5,176,109.66843933178436,0.4231329417218729,6,No,1,High
3004.0,28,119,180.44289944814955,0.4607945412931469,3,Yes,9,Low
8605.0,46,159,-33.04315397866094,0.3934791818020793,0,Yes,9,Medium
4214.0,42,144,91.50452082843361,0.9788330012562562,0,Yes,9,High
9475.0,48,149,0.7583886760087637,0.8927386023667151,1,No,6,Low
221.0,23,41,,0.8856779468131798,1,No,6,Medium
6703.0,38,38,141.77317962088227,0.4588908314686929,3,No,4,High
8460.0,23,168,74.45432296644664,0.9665826757646441,7,No,8,Low
3782.0,46,138,146.3030033763282,0.7156137666625279,6,No,9,Medium
4824.0,18,100,168.04195502400532,0.8487952018345691,3,Yes,7,Medium
4221.0,29,164,120.08874768848824,0.5507876125489258,2,No,7,Medium
6964.0,28,77,74.25135248055369,0.24455556387941713,3,Yes,2,Medium
7494.0,9,126,126.8002135506155,0.8981969544862088,3,No,2,High
1829.0,39,154,184.04453786159337,0.5377840654349569,4,Yes,2,Medium
6052.0,10,14,33.44299048630313,0.9716994181766773,3,No,4,High
5229.0,2,33,155.4077119652709,0.32937491026227206,2,No,9,High
1218.0,13,143,35.55417190383328,0.993141092288102,3,Yes,5,Low
2268.0,38,96,24.121275306604375,0.30018221377493415,4,No,2,High
7768.0,27,198,,,4,No,4,Medium
1150.0,41,60,98.0306817539413,0.6346148706324334,2,No,7,High
8996.0,20,89,163.14956690313483,0.7239907532660456,4,Yes,5,High
6740.0,40,99,-0.553625513195243,0.7482539521057665,5,No,8,Low
2999.0,10,62,149.47700800743087,0.5286271680349953,3,No,1,High
3307.0,16,56,92.34477181007239,0.1691442611776917,6,No,5,Low
8998.0,15,65,44.85558803863774,0.5464433365444912,3,No,4,High
7774.0,13,21,129.5788018195043,0.4012191572827567,6,No,3,Low
3932.0,38,34,76.25843242647356,0.6918900481168508,1,Yes,7,High
2108.0,20,76,212.94514288024578,0.26404802574914044,4,Yes,1,Medium
4821.0,24,41,124.92310551352656,0.4545210922762176,5,Yes,6,High
9889.0,41,137,102.79771188463494,0.9695072386004798,4,Yes,8,Low
1166.0,7,158,132.41093831875608,,4,No,2,Low
8387.0,23,84,167.17616796289818,0.6421007421470443,2,No,6,Medium
2018.0,24,133,172.0414917217903,0.18158340614368218,2,Yes,1,Medium
9557.0,29,141,,0.24129609034596383,4,Yes,6,Low
8531.0,5,75,168.83997716180403,0.6444409497517515,1,Yes,6,Medium
1427.0,43,111,160.16324894833542,0.4995959703200078,1,Yes,5,High
6310.0,45,196,145.46455368530684,0.5936490972551535,3,Yes,7,High
,35,156,80.28417552533604,0.8918849535355834,4,No,5,Medium
7459.0,1,137,162.86187245553668,0.8355162182598752,4,Yes,8,High
1242.0,36,183,78.56800926564941,0.8991833044856615,1,No,2,High
3323.0,18,170,113.1784922782458,0.6546294287543911,2,No,6,Medium
3948.0,6,161,81.19209051267573,0.5406788527426128,5,Yes,5,Low
1515.0,23,178,,0.5132778236020197,1,No,2,High
6474.0,10,184,163.9781340480216,0.7658277006001996,5,No,7,Medium
860.0,7,125,,0.5691698904924667,2,No,4,Low
3742.0,44,178,29.413477365453872,0.19519191663599694,3,No,6,High
1652.0,8,79,150.52692218329207,0.22774512165243518,1,Yes,5,High
,13,72,151.77995334608025,,6,No,4,Medium
9447.0,30,191,178.22324514313846,0.16104103477406984,2,No,2,High
8648.0,18,142,144.69462173422735,0.3153080975139372,3,Yes,7,Low
9963.0,14,102,145.84851063909053,0.6907607678921918,3,Yes,5,Medium
7309.0,11,136,64.12903251992864,0.1111872810675219,1,Yes,3,Medium
1428.0,42,56,136.85144860278416,0.6436835790233482,1,No,6,Medium
1129.0,38,78,207.34138674197425,0.7951212308816471,2,Yes,8,Medium
2476.0,13,22,72.35039206344489,0.25313837637798764,4,No,2,Low
3341.0,42,80,39.10087444505256,,3,Yes,4,Low
3240.0,44,183,107.02812362053132,0.12597072986213262,3,No,3,Low
981.0,33,155,146.87198578372966,0.5612050349501154,2,Yes,7,Low
8830.0,13,112,110.82559915910059,0.6891288011854455,1,Yes,8,Low
3657.0,25,157,189.18855066466108,0.511218623876157,4,No,8,Low
7163.0,24,64,56.98094325122122,0.45050392866359057,1,Yes,4,Medium
2296.0,29,41,24.22196658452603,0.5089715355643005,2,Yes,2,Medium
2050.0,36,81,171.45003535957684,0.8033753968521897,5,No,6,Medium
9902.0,6,150,29.60301461714178,0.1301628766108231,4,Yes,3,Low
6037.0,18,130,115.85606289069159,0.8054367047493475,5,Yes,8,Medium
3263.0,28,33,170.0910492869363,0.6997079041001121,4,No,3,Low
4563.0,5,112,110.81454529448266,0.3172838987416779,2,No,2,Medium
4107.0,18,34,65.10434168169121,0.5722657536161639,3,Yes,9,Low
4775.0,37,123,163.614518294475,0.14436160358720007,4,Yes,9,Low
4851.0,7,106,108.53917442444613,0.44162980330537116,1,No,9,Low
6319.0,9,11,,0.2566382311694214,3,No,3,High
8518.0,35,173,182.17536527022378,0.12007034741858859,2,Yes,2,High
7630.0,12,78,81.19272328767194,0.4213805479893693,0,No,4,Low
7835.0,46,41,70.03312940638327,0.7535011756549921,1,Yes,2,Medium
8883.0,40,31,54.86301015843653,0.9289196806225638,3,Yes,8,Low
2175.0,44,25,160.80207261541503,0.6960371617815848,3,No,1,Low
7872.0,39,47,121.38231575238055,0.46177311531735143,3,No,2,High
9660.0,24,55,75.62632386324708,0.9995465011616899,2,No,6,Low
2122.0,9,97,28.05095450047199,0.3546491572901893,9,No,9,High
